_id,sbd,language_id,createdAt,updatedAt,__v
680b3adb4c3758a87f13d7bf,01000001,N1,2025-04-25T07:33:47.819Z,2025-04-25T07:33:47.819Z,0
680b3adc4c3758a87f13d7ce,01000002,N1,2025-04-25T07:33:48.209Z,2025-04-25T07:33:48.209Z,0
680b3adc4c3758a87f13d7dd,01000003,N1,2025-04-25T07:33:48.563Z,2025-04-25T07:33:48.563Z,0
680b3adc4c3758a87f13d7ec,01000004,N1,2025-04-25T07:33:48.851Z,2025-04-25T07:33:48.851Z,0
680b3add4c3758a87f13d7fb,01000005,N1,2025-04-25T07:33:49.175Z,2025-04-25T07:33:49.175Z,0
680b3add4c3758a87f13d80a,01000006,N1,2025-04-25T07:33:49.462Z,2025-04-25T07:33:49.462Z,0
680b3add4c3758a87f13d819,01000007,,2025-04-25T07:33:49.729Z,2025-04-25T07:33:49.729Z,0
680b3add4c3758a87f13d826,01000008,N1,2025-04-25T07:33:49.972Z,2025-04-25T07:33:49.972Z,0
680b3ade4c3758a87f13d835,01000009,N1,2025-04-25T07:33:50.255Z,2025-04-25T07:33:50.255Z,0
680b3ade4c3758a87f13d844,01000010,N1,2025-04-25T07:33:50.532Z,2025-04-25T07:33:50.532Z,0
680b3ade4c3758a87f13d853,01000011,N1,2025-04-25T07:33:50.807Z,2025-04-25T07:33:50.807Z,0
680b3adf4c3758a87f13d862,01000012,N1,2025-04-25T07:33:51.090Z,2025-04-25T07:33:51.090Z,0
680b3adf4c3758a87f13d871,01000013,N1,2025-04-25T07:33:51.373Z,2025-04-25T07:33:51.373Z,0
680b3adf4c3758a87f13d880,01000014,N1,2025-04-25T07:33:51.665Z,2025-04-25T07:33:51.665Z,0
680b3adf4c3758a87f13d88f,01000015,N1,2025-04-25T07:33:51.951Z,2025-04-25T07:33:51.951Z,0
680b3ae04c3758a87f13d89e,01000016,N1,2025-04-25T07:33:52.240Z,2025-04-25T07:33:52.240Z,0
680b3ae04c3758a87f13d8ad,01000017,N1,2025-04-25T07:33:52.526Z,2025-04-25T07:33:52.526Z,0
680b3ae04c3758a87f13d8bc,01000018,N1,2025-04-25T07:33:52.842Z,2025-04-25T07:33:52.842Z,0
680b3ae14c3758a87f13d8cb,01000019,,2025-04-25T07:33:53.128Z,2025-04-25T07:33:53.128Z,0
680b3ae14c3758a87f13d8d6,01000020,N1,2025-04-25T07:33:53.335Z,2025-04-25T07:33:53.335Z,0
680b3ae14c3758a87f13d8e5,01000021,N1,2025-04-25T07:33:53.671Z,2025-04-25T07:33:53.671Z,0
680b3ae14c3758a87f13d8f4,01000022,,2025-04-25T07:33:53.980Z,2025-04-25T07:33:53.980Z,0
680b3ae24c3758a87f13d8fd,01000023,N1,2025-04-25T07:33:54.173Z,2025-04-25T07:33:54.173Z,0
680b3ae24c3758a87f13d90c,01000024,N1,2025-04-25T07:33:54.493Z,2025-04-25T07:33:54.493Z,0
680b3ae24c3758a87f13d91b,01000025,N1,2025-04-25T07:33:54.787Z,2025-04-25T07:33:54.787Z,0
680b3ae34c3758a87f13d92a,01000026,,2025-04-25T07:33:55.090Z,2025-04-25T07:33:55.090Z,0
680b3ae34c3758a87f13d937,01000027,N1,2025-04-25T07:33:55.341Z,2025-04-25T07:33:55.341Z,0
680b3ae34c3758a87f13d946,01000028,N1,2025-04-25T07:33:55.629Z,2025-04-25T07:33:55.629Z,0
680b3ae34c3758a87f13d955,01000029,,2025-04-25T07:33:55.922Z,2025-04-25T07:33:55.922Z,0
680b3ae44c3758a87f13d95e,01000030,N1,2025-04-25T07:33:56.096Z,2025-04-25T07:33:56.096Z,0
680b3ae44c3758a87f13d96d,01000031,N1,2025-04-25T07:33:56.392Z,2025-04-25T07:33:56.392Z,0
680b3ae44c3758a87f13d97c,01000032,N1,2025-04-25T07:33:56.673Z,2025-04-25T07:33:56.673Z,0
680b3ae44c3758a87f13d98b,01000033,N1,2025-04-25T07:33:56.981Z,2025-04-25T07:33:56.981Z,0
680b3ae54c3758a87f13d99a,01000034,N1,2025-04-25T07:33:57.285Z,2025-04-25T07:33:57.285Z,0
680b3ae54c3758a87f13d9a9,01000035,N1,2025-04-25T07:33:57.628Z,2025-04-25T07:33:57.628Z,0
680b3ae54c3758a87f13d9b8,01000036,N1,2025-04-25T07:33:57.942Z,2025-04-25T07:33:57.942Z,0
680b3ae64c3758a87f13d9c7,01000037,N1,2025-04-25T07:33:58.259Z,2025-04-25T07:33:58.259Z,0
680b3ae64c3758a87f13d9d6,01000038,N1,2025-04-25T07:33:58.545Z,2025-04-25T07:33:58.545Z,0
680b3ae64c3758a87f13d9e5,01000039,N1,2025-04-25T07:33:58.861Z,2025-04-25T07:33:58.861Z,0
680b3ae74c3758a87f13d9f4,01000040,N1,2025-04-25T07:33:59.160Z,2025-04-25T07:33:59.160Z,0
680b3ae74c3758a87f13da03,01000041,N1,2025-04-25T07:33:59.480Z,2025-04-25T07:33:59.480Z,0
680b3ae74c3758a87f13da12,01000042,N1,2025-04-25T07:33:59.762Z,2025-04-25T07:33:59.762Z,0
680b3ae84c3758a87f13da21,01000043,N1,2025-04-25T07:34:00.053Z,2025-04-25T07:34:00.053Z,0
680b3ae84c3758a87f13da30,01000044,N1,2025-04-25T07:34:00.339Z,2025-04-25T07:34:00.339Z,0
680b3ae84c3758a87f13da3f,01000045,,2025-04-25T07:34:00.631Z,2025-04-25T07:34:00.631Z,0
680b3ae84c3758a87f13da48,01000046,N1,2025-04-25T07:34:00.822Z,2025-04-25T07:34:00.822Z,0
680b3ae94c3758a87f13da57,01000047,,2025-04-25T07:34:01.150Z,2025-04-25T07:34:01.150Z,0
680b3ae94c3758a87f13da62,01000048,N1,2025-04-25T07:34:01.378Z,2025-04-25T07:34:01.378Z,0
680b3ae94c3758a87f13da71,01000049,N1,2025-04-25T07:34:01.688Z,2025-04-25T07:34:01.688Z,0
680b3ae94c3758a87f13da80,01000050,N1,2025-04-25T07:34:01.993Z,2025-04-25T07:34:01.993Z,0
680b3aea4c3758a87f13da8f,01000051,N1,2025-04-25T07:34:02.311Z,2025-04-25T07:34:02.311Z,0
680b3aea4c3758a87f13da9e,01000052,N3,2025-04-25T07:34:02.661Z,2025-04-25T07:34:02.661Z,0
680b3aea4c3758a87f13daa9,01000053,N1,2025-04-25T07:34:02.931Z,2025-04-25T07:34:02.931Z,0
680b3aeb4c3758a87f13dab8,01000054,N1,2025-04-25T07:34:03.222Z,2025-04-25T07:34:03.222Z,0
680b3aeb4c3758a87f13dac7,01000055,N1,2025-04-25T07:34:03.512Z,2025-04-25T07:34:03.512Z,0
680b3aeb4c3758a87f13dad6,01000056,N1,2025-04-25T07:34:03.801Z,2025-04-25T07:34:03.801Z,0
680b3aec4c3758a87f13dae5,01000057,N1,2025-04-25T07:34:04.140Z,2025-04-25T07:34:04.140Z,0
680b3aec4c3758a87f13daf4,01000058,N1,2025-04-25T07:34:04.464Z,2025-04-25T07:34:04.464Z,0
680b3aec4c3758a87f13db03,01000059,N1,2025-04-25T07:34:04.776Z,2025-04-25T07:34:04.776Z,0
680b3aed4c3758a87f13db12,01000060,,2025-04-25T07:34:05.095Z,2025-04-25T07:34:05.095Z,0
680b3aed4c3758a87f13db1b,01000061,N1,2025-04-25T07:34:05.512Z,2025-04-25T07:34:05.512Z,0
680b3aee4c3758a87f13db2a,01000062,N1,2025-04-25T07:34:06.268Z,2025-04-25T07:34:06.268Z,0
680b3aee4c3758a87f13db39,01000063,N1,2025-04-25T07:34:06.744Z,2025-04-25T07:34:06.744Z,0
680b3aef4c3758a87f13db48,01000064,N1,2025-04-25T07:34:07.038Z,2025-04-25T07:34:07.038Z,0
680b3aef4c3758a87f13db57,01000065,N1,2025-04-25T07:34:07.320Z,2025-04-25T07:34:07.320Z,0
680b3aef4c3758a87f13db66,01000066,N1,2025-04-25T07:34:07.608Z,2025-04-25T07:34:07.608Z,0
680b3aef4c3758a87f13db75,01000067,N1,2025-04-25T07:34:07.946Z,2025-04-25T07:34:07.946Z,0
680b3af04c3758a87f13db84,01000068,N1,2025-04-25T07:34:08.232Z,2025-04-25T07:34:08.232Z,0
680b3af04c3758a87f13db93,01000069,N1,2025-04-25T07:34:08.859Z,2025-04-25T07:34:08.859Z,0
680b3af34c3758a87f13dba2,01000070,N1,2025-04-25T07:34:11.214Z,2025-04-25T07:34:11.214Z,0
680b3af34c3758a87f13dbb1,01000071,N1,2025-04-25T07:34:11.502Z,2025-04-25T07:34:11.502Z,0
680b3af34c3758a87f13dbc0,01000072,N1,2025-04-25T07:34:11.780Z,2025-04-25T07:34:11.780Z,0
680b3af44c3758a87f13dbcf,01000073,N1,2025-04-25T07:34:12.109Z,2025-04-25T07:34:12.109Z,0
680b3af44c3758a87f13dbde,01000074,N1,2025-04-25T07:34:12.452Z,2025-04-25T07:34:12.452Z,0
680b3af44c3758a87f13dbed,01000075,N1,2025-04-25T07:34:12.767Z,2025-04-25T07:34:12.767Z,0
680b3af54c3758a87f13dbfc,01000076,N1,2025-04-25T07:34:13.138Z,2025-04-25T07:34:13.138Z,0
680b3af54c3758a87f13dc0b,01000077,N6,2025-04-25T07:34:13.437Z,2025-04-25T07:34:13.437Z,0
680b3af54c3758a87f13dc1a,01000078,N1,2025-04-25T07:34:13.739Z,2025-04-25T07:34:13.739Z,0
680b3af64c3758a87f13dc29,01000079,,2025-04-25T07:34:14.075Z,2025-04-25T07:34:14.075Z,0
680b3af64c3758a87f13dc34,01000080,N1,2025-04-25T07:34:14.335Z,2025-04-25T07:34:14.335Z,0
680b3af64c3758a87f13dc43,01000081,N1,2025-04-25T07:34:14.657Z,2025-04-25T07:34:14.657Z,0
680b3af74c3758a87f13dc52,01000082,N1,2025-04-25T07:34:15.055Z,2025-04-25T07:34:15.055Z,0
680b3af74c3758a87f13dc61,01000083,N1,2025-04-25T07:34:15.344Z,2025-04-25T07:34:15.344Z,0
680b3af74c3758a87f13dc70,01000084,,2025-04-25T07:34:15.634Z,2025-04-25T07:34:15.634Z,0
680b3af74c3758a87f13dc7b,01000085,,2025-04-25T07:34:15.861Z,2025-04-25T07:34:15.861Z,0
680b3af84c3758a87f13dc84,01000086,N1,2025-04-25T07:34:16.078Z,2025-04-25T07:34:16.078Z,0
680b3af84c3758a87f13dc93,01000087,N1,2025-04-25T07:34:16.385Z,2025-04-25T07:34:16.385Z,0
680b3af84c3758a87f13dca2,01000088,N1,2025-04-25T07:34:16.684Z,2025-04-25T07:34:16.684Z,0
680b3af94c3758a87f13dcb1,01000089,N1,2025-04-25T07:34:17.003Z,2025-04-25T07:34:17.003Z,0
680b3af94c3758a87f13dcc0,01000090,N1,2025-04-25T07:34:17.286Z,2025-04-25T07:34:17.286Z,0
680b3af94c3758a87f13dccf,01000091,N1,2025-04-25T07:34:17.598Z,2025-04-25T07:34:17.598Z,0
680b3af94c3758a87f13dcde,01000092,N1,2025-04-25T07:34:17.919Z,2025-04-25T07:34:17.919Z,0
680b3afa4c3758a87f13dced,01000093,N1,2025-04-25T07:34:18.216Z,2025-04-25T07:34:18.216Z,0
680b3afa4c3758a87f13dcfc,01000094,,2025-04-25T07:34:18.515Z,2025-04-25T07:34:18.515Z,0
680b3afa4c3758a87f13dd07,01000095,,2025-04-25T07:34:18.723Z,2025-04-25T07:34:18.723Z,0
680b3afa4c3758a87f13dd12,01000096,N1,2025-04-25T07:34:18.929Z,2025-04-25T07:34:18.929Z,0
680b3afb4c3758a87f13dd21,01000097,N1,2025-04-25T07:34:19.216Z,2025-04-25T07:34:19.216Z,0
680b3afb4c3758a87f13dd30,01000098,,2025-04-25T07:34:19.506Z,2025-04-25T07:34:19.506Z,0
680b3afb4c3758a87f13dd3b,01000099,N1,2025-04-25T07:34:19.731Z,2025-04-25T07:34:19.731Z,0
680b3afc4c3758a87f13dd4a,01000100,N1,2025-04-25T07:34:20.013Z,2025-04-25T07:34:20.013Z,0
680b3afc4c3758a87f13dd59,01000101,N1,2025-04-25T07:34:20.290Z,2025-04-25T07:34:20.290Z,0
680b3afc4c3758a87f13dd68,01000102,N1,2025-04-25T07:34:20.590Z,2025-04-25T07:34:20.590Z,0
680b3afd4c3758a87f13dd77,01000103,N1,2025-04-25T07:34:21.133Z,2025-04-25T07:34:21.133Z,0
680b3afd4c3758a87f13dd86,01000104,N1,2025-04-25T07:34:21.408Z,2025-04-25T07:34:21.408Z,0
680b3afd4c3758a87f13dd95,01000105,N1,2025-04-25T07:34:21.747Z,2025-04-25T07:34:21.747Z,0
680b3afe4c3758a87f13dda4,01000106,N1,2025-04-25T07:34:22.095Z,2025-04-25T07:34:22.095Z,0
680b3afe4c3758a87f13ddb3,01000107,N1,2025-04-25T07:34:22.535Z,2025-04-25T07:34:22.535Z,0
680b3afe4c3758a87f13ddc2,01000108,N1,2025-04-25T07:34:22.853Z,2025-04-25T07:34:22.853Z,0
680b3aff4c3758a87f13ddd1,01000109,N1,2025-04-25T07:34:23.251Z,2025-04-25T07:34:23.251Z,0
680b3aff4c3758a87f13dde0,01000110,N1,2025-04-25T07:34:23.669Z,2025-04-25T07:34:23.669Z,0
680b3b004c3758a87f13ddef,01000111,N1,2025-04-25T07:34:24.043Z,2025-04-25T07:34:24.043Z,0
680b3b004c3758a87f13ddfe,01000112,N1,2025-04-25T07:34:24.486Z,2025-04-25T07:34:24.486Z,0
680b3b004c3758a87f13de0d,01000113,N1,2025-04-25T07:34:24.905Z,2025-04-25T07:34:24.905Z,0
680b3b014c3758a87f13de1c,01000114,N7,2025-04-25T07:34:25.344Z,2025-04-25T07:34:25.344Z,0
680b3b014c3758a87f13de29,01000115,N1,2025-04-25T07:34:25.632Z,2025-04-25T07:34:25.632Z,0
680b3b014c3758a87f13de38,01000116,N1,2025-04-25T07:34:25.926Z,2025-04-25T07:34:25.926Z,0
680b3b024c3758a87f13de47,01000117,,2025-04-25T07:34:26.273Z,2025-04-25T07:34:26.273Z,0
680b3b024c3758a87f13de52,01000118,N1,2025-04-25T07:34:26.559Z,2025-04-25T07:34:26.559Z,0
680b3b024c3758a87f13de61,01000119,N1,2025-04-25T07:34:26.849Z,2025-04-25T07:34:26.849Z,0
680b3b034c3758a87f13de70,01000120,N1,2025-04-25T07:34:27.163Z,2025-04-25T07:34:27.163Z,0
680b3b034c3758a87f13de7f,01000121,N1,2025-04-25T07:34:27.473Z,2025-04-25T07:34:27.473Z,0
680b3b034c3758a87f13de8e,01000122,,2025-04-25T07:34:27.754Z,2025-04-25T07:34:27.754Z,0
680b3b034c3758a87f13de99,01000123,N1,2025-04-25T07:34:27.991Z,2025-04-25T07:34:27.991Z,0
680b3b044c3758a87f13dea8,01000124,N1,2025-04-25T07:34:28.268Z,2025-04-25T07:34:28.268Z,0
680b3b044c3758a87f13deb1,01000125,N1,2025-04-25T07:34:28.437Z,2025-04-25T07:34:28.437Z,0
680b3b044c3758a87f13dec0,01000126,N1,2025-04-25T07:34:28.726Z,2025-04-25T07:34:28.726Z,0
680b3b054c3758a87f13decf,01000127,N1,2025-04-25T07:34:29.026Z,2025-04-25T07:34:29.026Z,0
680b3b054c3758a87f13dede,01000128,N1,2025-04-25T07:34:29.312Z,2025-04-25T07:34:29.312Z,0
680b3b054c3758a87f13deed,01000129,N1,2025-04-25T07:34:29.592Z,2025-04-25T07:34:29.592Z,0
680b3b054c3758a87f13defc,01000130,N1,2025-04-25T07:34:29.870Z,2025-04-25T07:34:29.870Z,0
680b3b064c3758a87f13df0b,01000131,N1,2025-04-25T07:34:30.157Z,2025-04-25T07:34:30.157Z,0
680b3b064c3758a87f13df1a,01000132,N1,2025-04-25T07:34:30.486Z,2025-04-25T07:34:30.486Z,0
680b3b064c3758a87f13df29,01000133,N1,2025-04-25T07:34:30.816Z,2025-04-25T07:34:30.816Z,0
680b3b074c3758a87f13df38,01000134,N1,2025-04-25T07:34:31.168Z,2025-04-25T07:34:31.168Z,0
680b3b074c3758a87f13df47,01000135,,2025-04-25T07:34:31.487Z,2025-04-25T07:34:31.487Z,0
680b3b074c3758a87f13df52,01000136,N1,2025-04-25T07:34:31.718Z,2025-04-25T07:34:31.718Z,0
680b3b084c3758a87f13df61,01000137,N1,2025-04-25T07:34:32.044Z,2025-04-25T07:34:32.044Z,0
680b3b084c3758a87f13df70,01000138,N1,2025-04-25T07:34:32.333Z,2025-04-25T07:34:32.333Z,0
680b3b084c3758a87f13df7f,01000139,N1,2025-04-25T07:34:32.650Z,2025-04-25T07:34:32.650Z,0
680b3b084c3758a87f13df8e,01000140,N7,2025-04-25T07:34:32.939Z,2025-04-25T07:34:32.939Z,0
680b3b094c3758a87f13df9d,01000141,N1,2025-04-25T07:34:33.237Z,2025-04-25T07:34:33.237Z,0
680b3b094c3758a87f13dfac,01000143,N1,2025-04-25T07:34:33.522Z,2025-04-25T07:34:33.522Z,0
680b3b094c3758a87f13dfbb,01000144,N1,2025-04-25T07:34:33.830Z,2025-04-25T07:34:33.830Z,0
680b3b0a4c3758a87f13dfca,01000145,N1,2025-04-25T07:34:34.107Z,2025-04-25T07:34:34.107Z,0
680b3b0a4c3758a87f13dfd9,01000146,N1,2025-04-25T07:34:34.416Z,2025-04-25T07:34:34.416Z,0
680b3b0a4c3758a87f13dfe8,01000147,N1,2025-04-25T07:34:34.718Z,2025-04-25T07:34:34.718Z,0
680b3b0a4c3758a87f13dff1,01000148,N1,2025-04-25T07:34:34.946Z,2025-04-25T07:34:34.946Z,0
680b3b0b4c3758a87f13e000,01000149,N1,2025-04-25T07:34:35.263Z,2025-04-25T07:34:35.263Z,0
680b3b0b4c3758a87f13e00f,01000150,N1,2025-04-25T07:34:35.583Z,2025-04-25T07:34:35.583Z,0
680b3b0b4c3758a87f13e01e,01000151,N1,2025-04-25T07:34:35.893Z,2025-04-25T07:34:35.893Z,0
680b3b0c4c3758a87f13e02d,01000152,N1,2025-04-25T07:34:36.188Z,2025-04-25T07:34:36.188Z,0
680b3b0c4c3758a87f13e03c,01000153,,2025-04-25T07:34:36.530Z,2025-04-25T07:34:36.530Z,0
680b3b0c4c3758a87f13e045,01000154,,2025-04-25T07:34:36.699Z,2025-04-25T07:34:36.699Z,0
680b3b0c4c3758a87f13e050,01000155,,2025-04-25T07:34:36.982Z,2025-04-25T07:34:36.982Z,0
680b3b0d4c3758a87f13e05b,01000156,N1,2025-04-25T07:34:37.205Z,2025-04-25T07:34:37.205Z,0
680b3b0d4c3758a87f13e06a,01000157,N1,2025-04-25T07:34:37.524Z,2025-04-25T07:34:37.524Z,0
680b3b0d4c3758a87f13e079,01000158,N1,2025-04-25T07:34:37.846Z,2025-04-25T07:34:37.846Z,0
680b3b0e4c3758a87f13e088,01000159,N5,2025-04-25T07:34:38.148Z,2025-04-25T07:34:38.148Z,0
680b3b0e4c3758a87f13e097,01000160,N1,2025-04-25T07:34:38.430Z,2025-04-25T07:34:38.430Z,0
680b3b0e4c3758a87f13e0a6,01000161,N1,2025-04-25T07:34:38.727Z,2025-04-25T07:34:38.727Z,0
680b3b0f4c3758a87f13e0b5,01000162,N1,2025-04-25T07:34:39.021Z,2025-04-25T07:34:39.021Z,0
680b3b0f4c3758a87f13e0c4,01000163,,2025-04-25T07:34:39.337Z,2025-04-25T07:34:39.337Z,0
680b3b0f4c3758a87f13e0cf,01000164,N1,2025-04-25T07:34:39.664Z,2025-04-25T07:34:39.664Z,0
680b3b0f4c3758a87f13e0de,01000165,N1,2025-04-25T07:34:39.975Z,2025-04-25T07:34:39.975Z,0
680b3b104c3758a87f13e0ed,01000166,N1,2025-04-25T07:34:40.283Z,2025-04-25T07:34:40.283Z,0
680b3b104c3758a87f13e0fc,01000167,N1,2025-04-25T07:34:40.569Z,2025-04-25T07:34:40.569Z,0
680b3b104c3758a87f13e10b,01000168,N1,2025-04-25T07:34:40.858Z,2025-04-25T07:34:40.858Z,0
680b3b114c3758a87f13e11a,01000169,N1,2025-04-25T07:34:41.150Z,2025-04-25T07:34:41.150Z,0
680b3b114c3758a87f13e129,01000170,N1,2025-04-25T07:34:41.440Z,2025-04-25T07:34:41.440Z,0
680b3b114c3758a87f13e138,01000171,N1,2025-04-25T07:34:41.723Z,2025-04-25T07:34:41.723Z,0
680b3b124c3758a87f13e147,01000172,,2025-04-25T07:34:42.013Z,2025-04-25T07:34:42.013Z,0
680b3b124c3758a87f13e154,01000173,N1,2025-04-25T07:34:42.261Z,2025-04-25T07:34:42.261Z,0
680b3b124c3758a87f13e163,01000174,N1,2025-04-25T07:34:42.631Z,2025-04-25T07:34:42.631Z,0
680b3b134c3758a87f13e172,01000175,N1,2025-04-25T07:34:43.087Z,2025-04-25T07:34:43.087Z,0
680b3b134c3758a87f13e181,01000176,N1,2025-04-25T07:34:43.569Z,2025-04-25T07:34:43.569Z,0
680b3b134c3758a87f13e190,01000177,N1,2025-04-25T07:34:43.992Z,2025-04-25T07:34:43.992Z,0
680b3b144c3758a87f13e19f,01000178,N1,2025-04-25T07:34:44.324Z,2025-04-25T07:34:44.324Z,0
680b3b144c3758a87f13e1ae,01000179,N1,2025-04-25T07:34:44.719Z,2025-04-25T07:34:44.719Z,0
680b3b154c3758a87f13e1bd,01000180,N1,2025-04-25T07:34:45.047Z,2025-04-25T07:34:45.047Z,0
680b3b154c3758a87f13e1cc,01000181,,2025-04-25T07:34:45.341Z,2025-04-25T07:34:45.341Z,0
680b3b154c3758a87f13e1d7,01000182,N1,2025-04-25T07:34:45.574Z,2025-04-25T07:34:45.574Z,0
680b3b154c3758a87f13e1e6,01000183,,2025-04-25T07:34:45.852Z,2025-04-25T07:34:45.852Z,0
680b3b164c3758a87f13e1f3,01000184,N1,2025-04-25T07:34:46.100Z,2025-04-25T07:34:46.100Z,0
680b3b164c3758a87f13e202,01000185,N1,2025-04-25T07:34:46.389Z,2025-04-25T07:34:46.389Z,0
680b3b164c3758a87f13e211,01000186,N1,2025-04-25T07:34:46.687Z,2025-04-25T07:34:46.687Z,0
680b3b174c3758a87f13e220,01000187,N1,2025-04-25T07:34:47.003Z,2025-04-25T07:34:47.003Z,0
680b3b174c3758a87f13e22f,01000188,N1,2025-04-25T07:34:47.322Z,2025-04-25T07:34:47.322Z,0
680b3b174c3758a87f13e23e,01000189,N1,2025-04-25T07:34:47.671Z,2025-04-25T07:34:47.671Z,0
680b3b174c3758a87f13e24b,01000190,N1,2025-04-25T07:34:47.989Z,2025-04-25T07:34:47.989Z,0
680b3b184c3758a87f13e25a,01000191,N1,2025-04-25T07:34:48.306Z,2025-04-25T07:34:48.306Z,0
680b3b184c3758a87f13e263,01000192,N1,2025-04-25T07:34:48.499Z,2025-04-25T07:34:48.499Z,0
680b3b184c3758a87f13e272,01000193,N1,2025-04-25T07:34:48.816Z,2025-04-25T07:34:48.816Z,0
680b3b194c3758a87f13e281,01000194,,2025-04-25T07:34:49.135Z,2025-04-25T07:34:49.135Z,0
680b3b194c3758a87f13e28a,01000195,N1,2025-04-25T07:34:49.357Z,2025-04-25T07:34:49.357Z,0
680b3b194c3758a87f13e299,01000196,N1,2025-04-25T07:34:49.679Z,2025-04-25T07:34:49.679Z,0
680b3b1a4c3758a87f13e2a8,01000197,N1,2025-04-25T07:34:50.002Z,2025-04-25T07:34:50.002Z,0
680b3b1a4c3758a87f13e2b7,01000198,N1,2025-04-25T07:34:50.289Z,2025-04-25T07:34:50.289Z,0
680b3b1a4c3758a87f13e2c6,01000199,,2025-04-25T07:34:50.575Z,2025-04-25T07:34:50.575Z,0
680b3b1a4c3758a87f13e2d1,01000200,N1,2025-04-25T07:34:50.923Z,2025-04-25T07:34:50.923Z,0
680b3b1b4c3758a87f13e2e0,01000201,N1,2025-04-25T07:34:51.235Z,2025-04-25T07:34:51.235Z,0
680b3b1b4c3758a87f13e2ef,01000202,N1,2025-04-25T07:34:51.560Z,2025-04-25T07:34:51.560Z,0
680b3b1b4c3758a87f13e2fe,01000203,N1,2025-04-25T07:34:51.911Z,2025-04-25T07:34:51.911Z,0
680b3b1c4c3758a87f13e30d,01000204,N1,2025-04-25T07:34:52.234Z,2025-04-25T07:34:52.234Z,0
680b3b1c4c3758a87f13e31c,01000205,N1,2025-04-25T07:34:52.532Z,2025-04-25T07:34:52.532Z,0
680b3b1c4c3758a87f13e329,01000206,N1,2025-04-25T07:34:52.788Z,2025-04-25T07:34:52.788Z,0
680b3b1d4c3758a87f13e338,01000208,N1,2025-04-25T07:34:53.071Z,2025-04-25T07:34:53.071Z,0
680b3b1d4c3758a87f13e347,01000209,,2025-04-25T07:34:53.411Z,2025-04-25T07:34:53.411Z,0
680b3b1d4c3758a87f13e352,01000210,N1,2025-04-25T07:34:53.673Z,2025-04-25T07:34:53.673Z,0
680b3b1e4c3758a87f13e361,01000211,N1,2025-04-25T07:34:54.019Z,2025-04-25T07:34:54.019Z,0
680b3b1e4c3758a87f13e370,01000212,N1,2025-04-25T07:34:54.342Z,2025-04-25T07:34:54.342Z,0
680b3b1e4c3758a87f13e37f,01000213,N1,2025-04-25T07:34:54.625Z,2025-04-25T07:34:54.625Z,0
680b3b1e4c3758a87f13e38e,01000214,N1,2025-04-25T07:34:54.922Z,2025-04-25T07:34:54.922Z,0
680b3b1f4c3758a87f13e39d,01000215,,2025-04-25T07:34:55.207Z,2025-04-25T07:34:55.207Z,0
680b3b1f4c3758a87f13e3a8,01000216,N1,2025-04-25T07:34:55.430Z,2025-04-25T07:34:55.430Z,0
680b3b1f4c3758a87f13e3b7,01000217,N7,2025-04-25T07:34:55.721Z,2025-04-25T07:34:55.721Z,0
680b3b1f4c3758a87f13e3c6,01000218,N1,2025-04-25T07:34:55.996Z,2025-04-25T07:34:55.996Z,0
680b3b204c3758a87f13e3d5,01000219,N1,2025-04-25T07:34:56.309Z,2025-04-25T07:34:56.309Z,0
680b3b204c3758a87f13e3e4,01000220,N1,2025-04-25T07:34:56.604Z,2025-04-25T07:34:56.604Z,0
680b3b204c3758a87f13e3f3,01000221,N1,2025-04-25T07:34:56.929Z,2025-04-25T07:34:56.929Z,0
680b3b214c3758a87f13e402,01000222,,2025-04-25T07:34:57.251Z,2025-04-25T07:34:57.251Z,0
680b3b214c3758a87f13e40d,01000223,N1,2025-04-25T07:34:57.454Z,2025-04-25T07:34:57.454Z,0
680b3b214c3758a87f13e41c,01000224,N1,2025-04-25T07:34:57.762Z,2025-04-25T07:34:57.762Z,0
680b3b224c3758a87f13e42b,01000225,N1,2025-04-25T07:34:58.144Z,2025-04-25T07:34:58.144Z,0
680b3b224c3758a87f13e43a,01000226,N1,2025-04-25T07:34:58.470Z,2025-04-25T07:34:58.470Z,0
680b3b224c3758a87f13e449,01000227,,2025-04-25T07:34:58.844Z,2025-04-25T07:34:58.844Z,0
680b3b234c3758a87f13e454,01000228,N1,2025-04-25T07:34:59.109Z,2025-04-25T07:34:59.109Z,0
680b3b234c3758a87f13e463,01000229,N1,2025-04-25T07:34:59.465Z,2025-04-25T07:34:59.465Z,0
680b3b254c3758a87f13e472,01000230,N1,2025-04-25T07:35:01.068Z,2025-04-25T07:35:01.068Z,0
680b3b254c3758a87f13e481,01000231,,2025-04-25T07:35:01.392Z,2025-04-25T07:35:01.392Z,0
680b3b254c3758a87f13e48e,01000232,N1,2025-04-25T07:35:01.670Z,2025-04-25T07:35:01.670Z,0
680b3b254c3758a87f13e49d,01000233,N1,2025-04-25T07:35:01.987Z,2025-04-25T07:35:01.987Z,0
680b3b264c3758a87f13e4ac,01000234,N1,2025-04-25T07:35:02.270Z,2025-04-25T07:35:02.270Z,0
680b3b264c3758a87f13e4bb,01000235,N1,2025-04-25T07:35:02.567Z,2025-04-25T07:35:02.567Z,0
680b3b264c3758a87f13e4ca,01000236,N1,2025-04-25T07:35:02.845Z,2025-04-25T07:35:02.845Z,0
680b3b274c3758a87f13e4d9,01000237,,2025-04-25T07:35:03.135Z,2025-04-25T07:35:03.135Z,0
680b3b274c3758a87f13e4e4,01000238,N1,2025-04-25T07:35:03.370Z,2025-04-25T07:35:03.370Z,0
680b3b274c3758a87f13e4f3,01000239,N1,2025-04-25T07:35:03.772Z,2025-04-25T07:35:03.772Z,0
680b3b284c3758a87f13e502,01000240,N1,2025-04-25T07:35:04.151Z,2025-04-25T07:35:04.151Z,0
680b3b284c3758a87f13e511,01000241,N1,2025-04-25T07:35:04.534Z,2025-04-25T07:35:04.534Z,0
680b3b284c3758a87f13e520,01000242,N4,2025-04-25T07:35:04.823Z,2025-04-25T07:35:04.823Z,0
680b3b294c3758a87f13e52f,01000243,,2025-04-25T07:35:05.189Z,2025-04-25T07:35:05.189Z,0
680b3b294c3758a87f13e53c,01000244,N1,2025-04-25T07:35:05.445Z,2025-04-25T07:35:05.445Z,0
680b3b294c3758a87f13e54b,01000245,N1,2025-04-25T07:35:05.848Z,2025-04-25T07:35:05.848Z,0
680b3b2a4c3758a87f13e55a,01000246,N1,2025-04-25T07:35:06.129Z,2025-04-25T07:35:06.129Z,0
680b3b2a4c3758a87f13e569,01000247,N1,2025-04-25T07:35:06.440Z,2025-04-25T07:35:06.440Z,0
680b3b2a4c3758a87f13e578,01000248,N1,2025-04-25T07:35:06.722Z,2025-04-25T07:35:06.722Z,0
680b3b2b4c3758a87f13e587,01000249,N1,2025-04-25T07:35:07.006Z,2025-04-25T07:35:07.006Z,0
680b3b2b4c3758a87f13e596,01000250,N1,2025-04-25T07:35:07.281Z,2025-04-25T07:35:07.281Z,0
680b3b2b4c3758a87f13e5a5,01000251,N1,2025-04-25T07:35:07.686Z,2025-04-25T07:35:07.686Z,0
680b3b2b4c3758a87f13e5b2,01000252,N1,2025-04-25T07:35:07.922Z,2025-04-25T07:35:07.922Z,0
680b3b2c4c3758a87f13e5c1,01000253,N1,2025-04-25T07:35:08.219Z,2025-04-25T07:35:08.219Z,0
680b3b2c4c3758a87f13e5d0,01000254,N1,2025-04-25T07:35:08.537Z,2025-04-25T07:35:08.537Z,0
680b3b2c4c3758a87f13e5df,01000255,N1,2025-04-25T07:35:08.910Z,2025-04-25T07:35:08.910Z,0
680b3b2d4c3758a87f13e5ee,01000256,N1,2025-04-25T07:35:09.223Z,2025-04-25T07:35:09.223Z,0
680b3b2d4c3758a87f13e5fd,01000257,,2025-04-25T07:35:09.504Z,2025-04-25T07:35:09.504Z,0
680b3b2d4c3758a87f13e608,01000258,N1,2025-04-25T07:35:09.722Z,2025-04-25T07:35:09.722Z,0
680b3b2e4c3758a87f13e617,01000259,N1,2025-04-25T07:35:10.034Z,2025-04-25T07:35:10.034Z,0
680b3b2e4c3758a87f13e626,01000260,N1,2025-04-25T07:35:10.353Z,2025-04-25T07:35:10.353Z,0
680b3b2e4c3758a87f13e635,01000261,N1,2025-04-25T07:35:10.701Z,2025-04-25T07:35:10.701Z,0
680b3b2f4c3758a87f13e644,01000262,N1,2025-04-25T07:35:11.008Z,2025-04-25T07:35:11.008Z,0
680b3b2f4c3758a87f13e653,01000263,N1,2025-04-25T07:35:11.304Z,2025-04-25T07:35:11.304Z,0
680b3b2f4c3758a87f13e662,01000264,,2025-04-25T07:35:11.579Z,2025-04-25T07:35:11.579Z,0
680b3b2f4c3758a87f13e66f,01000265,N1,2025-04-25T07:35:11.831Z,2025-04-25T07:35:11.831Z,0
680b3b304c3758a87f13e67e,01000266,N1,2025-04-25T07:35:12.180Z,2025-04-25T07:35:12.180Z,0
680b3b304c3758a87f13e68d,01000267,N1,2025-04-25T07:35:12.501Z,2025-04-25T07:35:12.501Z,0
680b3b304c3758a87f13e69c,01000268,N1,2025-04-25T07:35:12.950Z,2025-04-25T07:35:12.950Z,0
680b3b314c3758a87f13e6ab,01000269,N1,2025-04-25T07:35:13.321Z,2025-04-25T07:35:13.321Z,0
680b3b314c3758a87f13e6ba,01000270,N1,2025-04-25T07:35:13.869Z,2025-04-25T07:35:13.869Z,0
680b3b324c3758a87f13e6c9,01000271,,2025-04-25T07:35:14.224Z,2025-04-25T07:35:14.224Z,0
680b3b324c3758a87f13e6d4,01000272,N1,2025-04-25T07:35:14.477Z,2025-04-25T07:35:14.477Z,0
680b3b324c3758a87f13e6e3,01000273,N1,2025-04-25T07:35:14.774Z,2025-04-25T07:35:14.774Z,0
680b3b334c3758a87f13e6f2,01000274,N1,2025-04-25T07:35:15.352Z,2025-04-25T07:35:15.352Z,0
680b3b334c3758a87f13e701,01000275,N1,2025-04-25T07:35:15.654Z,2025-04-25T07:35:15.654Z,0
680b3b344c3758a87f13e710,01000276,N1,2025-04-25T07:35:16.019Z,2025-04-25T07:35:16.019Z,0
680b3b344c3758a87f13e71f,01000277,N1,2025-04-25T07:35:16.311Z,2025-04-25T07:35:16.311Z,0
680b3b344c3758a87f13e72e,01000278,N1,2025-04-25T07:35:16.607Z,2025-04-25T07:35:16.607Z,0
680b3b344c3758a87f13e737,01000279,N1,2025-04-25T07:35:16.789Z,2025-04-25T07:35:16.789Z,0
680b3b354c3758a87f13e746,01000280,,2025-04-25T07:35:17.069Z,2025-04-25T07:35:17.069Z,0
680b3b354c3758a87f13e74f,01000281,,2025-04-25T07:35:17.257Z,2025-04-25T07:35:17.257Z,0
680b3b354c3758a87f13e75a,01000282,,2025-04-25T07:35:17.461Z,2025-04-25T07:35:17.461Z,0
680b3b354c3758a87f13e765,01000283,N1,2025-04-25T07:35:17.804Z,2025-04-25T07:35:17.804Z,0
680b3b364c3758a87f13e774,01000284,N1,2025-04-25T07:35:18.104Z,2025-04-25T07:35:18.104Z,0
680b3b364c3758a87f13e783,01000285,N1,2025-04-25T07:35:18.385Z,2025-04-25T07:35:18.385Z,0
680b3b364c3758a87f13e792,01000286,N1,2025-04-25T07:35:18.688Z,2025-04-25T07:35:18.688Z,0
680b3b374c3758a87f13e7a1,01000287,N1,2025-04-25T07:35:19.009Z,2025-04-25T07:35:19.009Z,0
680b3b374c3758a87f13e7b0,01000288,N1,2025-04-25T07:35:19.339Z,2025-04-25T07:35:19.339Z,0
680b3b374c3758a87f13e7bf,01000289,N1,2025-04-25T07:35:19.657Z,2025-04-25T07:35:19.657Z,0
680b3b374c3758a87f13e7ce,01000290,N1,2025-04-25T07:35:19.951Z,2025-04-25T07:35:19.951Z,0
680b3b384c3758a87f13e7dd,01000291,N1,2025-04-25T07:35:20.282Z,2025-04-25T07:35:20.282Z,0
680b3b384c3758a87f13e7ec,01000292,N1,2025-04-25T07:35:20.576Z,2025-04-25T07:35:20.576Z,0
680b3b384c3758a87f13e7fb,01000293,N1,2025-04-25T07:35:20.882Z,2025-04-25T07:35:20.882Z,0
680b3b394c3758a87f13e80a,01000294,,2025-04-25T07:35:21.158Z,2025-04-25T07:35:21.158Z,0
680b3b394c3758a87f13e815,01000295,N1,2025-04-25T07:35:21.377Z,2025-04-25T07:35:21.377Z,0
680b3b394c3758a87f13e824,01000296,N1,2025-04-25T07:35:21.685Z,2025-04-25T07:35:21.685Z,0
680b3b394c3758a87f13e833,01000297,N1,2025-04-25T07:35:21.962Z,2025-04-25T07:35:21.962Z,0
680b3b3a4c3758a87f13e842,01000298,N1,2025-04-25T07:35:22.265Z,2025-04-25T07:35:22.265Z,0
680b3b3a4c3758a87f13e851,01000299,N1,2025-04-25T07:35:22.567Z,2025-04-25T07:35:22.567Z,0
680b3b3b4c3758a87f13e860,01000300,N1,2025-04-25T07:35:23.206Z,2025-04-25T07:35:23.206Z,0
680b3b3b4c3758a87f13e86f,01000301,N1,2025-04-25T07:35:23.600Z,2025-04-25T07:35:23.600Z,0
680b3b3b4c3758a87f13e87e,01000302,N1,2025-04-25T07:35:23.947Z,2025-04-25T07:35:23.947Z,0
680b3b3c4c3758a87f13e88d,01000303,N1,2025-04-25T07:35:24.292Z,2025-04-25T07:35:24.292Z,0
680b3b3c4c3758a87f13e89c,01000304,N1,2025-04-25T07:35:24.588Z,2025-04-25T07:35:24.588Z,0
680b3b3c4c3758a87f13e8ab,01000305,N1,2025-04-25T07:35:24.868Z,2025-04-25T07:35:24.868Z,0
680b3b3d4c3758a87f13e8ba,01000306,N1,2025-04-25T07:35:25.167Z,2025-04-25T07:35:25.167Z,0
680b3b3d4c3758a87f13e8c9,01000307,,2025-04-25T07:35:25.585Z,2025-04-25T07:35:25.585Z,0
680b3b3d4c3758a87f13e8d4,01000308,N1,2025-04-25T07:35:25.811Z,2025-04-25T07:35:25.811Z,0
680b3b3e4c3758a87f13e8e3,01000309,N1,2025-04-25T07:35:26.093Z,2025-04-25T07:35:26.093Z,0
680b3b3e4c3758a87f13e8f2,01000310,,2025-04-25T07:35:26.378Z,2025-04-25T07:35:26.378Z,0
680b3b3e4c3758a87f13e8ff,01000311,N1,2025-04-25T07:35:26.612Z,2025-04-25T07:35:26.612Z,0
680b3b3e4c3758a87f13e90e,01000312,,2025-04-25T07:35:26.897Z,2025-04-25T07:35:26.897Z,0
680b3b3f4c3758a87f13e919,01000313,N1,2025-04-25T07:35:27.111Z,2025-04-25T07:35:27.111Z,0
680b3b3f4c3758a87f13e928,01000314,N1,2025-04-25T07:35:27.399Z,2025-04-25T07:35:27.399Z,0
680b3b3f4c3758a87f13e937,01000315,N1,2025-04-25T07:35:27.682Z,2025-04-25T07:35:27.682Z,0
680b3b404c3758a87f13e946,01000316,N1,2025-04-25T07:35:28.049Z,2025-04-25T07:35:28.049Z,0
680b3b404c3758a87f13e955,01000317,,2025-04-25T07:35:28.393Z,2025-04-25T07:35:28.393Z,0
680b3b404c3758a87f13e95e,01000318,,2025-04-25T07:35:28.589Z,2025-04-25T07:35:28.589Z,0
680b3b404c3758a87f13e96b,01000319,N1,2025-04-25T07:35:28.862Z,2025-04-25T07:35:28.862Z,0
680b3b414c3758a87f13e97a,01000320,N1,2025-04-25T07:35:29.148Z,2025-04-25T07:35:29.148Z,0
680b3b414c3758a87f13e989,01000321,N1,2025-04-25T07:35:29.462Z,2025-04-25T07:35:29.462Z,0
680b3b414c3758a87f13e998,01000322,N1,2025-04-25T07:35:29.772Z,2025-04-25T07:35:29.772Z,0
680b3b424c3758a87f13e9a7,01000323,N1,2025-04-25T07:35:30.063Z,2025-04-25T07:35:30.063Z,0
680b3b424c3758a87f13e9b6,01000324,,2025-04-25T07:35:30.369Z,2025-04-25T07:35:30.369Z,0
680b3b424c3758a87f13e9c1,01000325,N1,2025-04-25T07:35:30.588Z,2025-04-25T07:35:30.588Z,0
680b3b424c3758a87f13e9d0,01000326,N1,2025-04-25T07:35:30.878Z,2025-04-25T07:35:30.878Z,0
680b3b434c3758a87f13e9df,01000327,N1,2025-04-25T07:35:31.174Z,2025-04-25T07:35:31.174Z,0
680b3b434c3758a87f13e9ee,01000328,N1,2025-04-25T07:35:31.467Z,2025-04-25T07:35:31.467Z,0
680b3b434c3758a87f13e9fd,01000329,N1,2025-04-25T07:35:31.788Z,2025-04-25T07:35:31.788Z,0
680b3b444c3758a87f13ea0c,01000330,N1,2025-04-25T07:35:32.109Z,2025-04-25T07:35:32.109Z,0
680b3b444c3758a87f13ea1b,01000331,N1,2025-04-25T07:35:32.398Z,2025-04-25T07:35:32.398Z,0
680b3b444c3758a87f13ea2a,01000332,,2025-04-25T07:35:32.750Z,2025-04-25T07:35:32.750Z,0
680b3b454c3758a87f13ea35,01000333,N1,2025-04-25T07:35:33.358Z,2025-04-25T07:35:33.358Z,0
680b3b454c3758a87f13ea44,01000334,,2025-04-25T07:35:33.704Z,2025-04-25T07:35:33.704Z,0
680b3b454c3758a87f13ea4f,01000335,N1,2025-04-25T07:35:33.955Z,2025-04-25T07:35:33.955Z,0
680b3b464c3758a87f13ea5e,01000336,,2025-04-25T07:35:34.263Z,2025-04-25T07:35:34.263Z,0
680b3b464c3758a87f13ea69,01000337,N1,2025-04-25T07:35:34.478Z,2025-04-25T07:35:34.478Z,0
680b3b464c3758a87f13ea78,01000338,N1,2025-04-25T07:35:34.797Z,2025-04-25T07:35:34.797Z,0
680b3b474c3758a87f13ea87,01000339,,2025-04-25T07:35:35.100Z,2025-04-25T07:35:35.100Z,0
680b3b474c3758a87f13ea92,01000340,N1,2025-04-25T07:35:35.309Z,2025-04-25T07:35:35.309Z,0
680b3b474c3758a87f13eaa1,01000341,N1,2025-04-25T07:35:35.656Z,2025-04-25T07:35:35.656Z,0
680b3b474c3758a87f13eab0,01000342,N1,2025-04-25T07:35:35.951Z,2025-04-25T07:35:35.951Z,0
680b3b484c3758a87f13eabf,01000343,N1,2025-04-25T07:35:36.235Z,2025-04-25T07:35:36.235Z,0
680b3b484c3758a87f13eace,01000344,N1,2025-04-25T07:35:36.512Z,2025-04-25T07:35:36.512Z,0
680b3b484c3758a87f13eadd,01000345,N1,2025-04-25T07:35:36.846Z,2025-04-25T07:35:36.846Z,0
680b3b494c3758a87f13eaec,01000346,N1,2025-04-25T07:35:37.145Z,2025-04-25T07:35:37.145Z,0
680b3b494c3758a87f13eafb,01000347,,2025-04-25T07:35:37.454Z,2025-04-25T07:35:37.454Z,0
680b3b494c3758a87f13eb04,01000348,N1,2025-04-25T07:35:37.690Z,2025-04-25T07:35:37.690Z,0
680b3b4a4c3758a87f13eb13,01000349,N1,2025-04-25T07:35:38.049Z,2025-04-25T07:35:38.049Z,0
680b3b4a4c3758a87f13eb22,01000350,N1,2025-04-25T07:35:38.384Z,2025-04-25T07:35:38.384Z,0
680b3b4a4c3758a87f13eb31,01000351,N1,2025-04-25T07:35:38.686Z,2025-04-25T07:35:38.686Z,0
680b3b4a4c3758a87f13eb40,01000352,N1,2025-04-25T07:35:38.978Z,2025-04-25T07:35:38.978Z,0
680b3b4b4c3758a87f13eb4f,01000353,N1,2025-04-25T07:35:39.267Z,2025-04-25T07:35:39.267Z,0
680b3b4b4c3758a87f13eb5e,01000354,,2025-04-25T07:35:39.550Z,2025-04-25T07:35:39.550Z,0
680b3b4b4c3758a87f13eb69,01000355,N1,2025-04-25T07:35:39.850Z,2025-04-25T07:35:39.850Z,0
680b3b4c4c3758a87f13eb78,01000356,N1,2025-04-25T07:35:40.208Z,2025-04-25T07:35:40.208Z,0
680b3b4c4c3758a87f13eb87,01000357,N1,2025-04-25T07:35:40.532Z,2025-04-25T07:35:40.532Z,0
680b3b4c4c3758a87f13eb96,01000358,,2025-04-25T07:35:40.853Z,2025-04-25T07:35:40.853Z,0
680b3b4d4c3758a87f13eb9f,01000359,N1,2025-04-25T07:35:41.034Z,2025-04-25T07:35:41.034Z,0
680b3b4d4c3758a87f13ebae,01000360,N1,2025-04-25T07:35:41.318Z,2025-04-25T07:35:41.318Z,0
680b3b4d4c3758a87f13ebbd,01000361,,2025-04-25T07:35:41.619Z,2025-04-25T07:35:41.619Z,0
680b3b4d4c3758a87f13ebc8,01000362,,2025-04-25T07:35:41.841Z,2025-04-25T07:35:41.841Z,0
680b3b4e4c3758a87f13ebd3,01000363,N1,2025-04-25T07:35:42.072Z,2025-04-25T07:35:42.072Z,0
680b3b4e4c3758a87f13ebdc,01000364,,2025-04-25T07:35:42.245Z,2025-04-25T07:35:42.245Z,0
680b3b4e4c3758a87f13ebe5,01000365,,2025-04-25T07:35:42.424Z,2025-04-25T07:35:42.424Z,0
680b3b4e4c3758a87f13ebf0,01000366,,2025-04-25T07:35:42.645Z,2025-04-25T07:35:42.645Z,0
680b3b4e4c3758a87f13ebf9,01000367,,2025-04-25T07:35:42.825Z,2025-04-25T07:35:42.825Z,0
680b3b4f4c3758a87f13ec04,01000368,,2025-04-25T07:35:43.041Z,2025-04-25T07:35:43.041Z,0
680b3b4f4c3758a87f13ec0f,01000369,,2025-04-25T07:35:43.259Z,2025-04-25T07:35:43.259Z,0
680b3b4f4c3758a87f13ec1a,01000370,N6,2025-04-25T07:35:43.504Z,2025-04-25T07:35:43.504Z,0
680b3b4f4c3758a87f13ec27,01000371,,2025-04-25T07:35:43.768Z,2025-04-25T07:35:43.768Z,0
680b3b4f4c3758a87f13ec32,01000372,,2025-04-25T07:35:43.989Z,2025-04-25T07:35:43.989Z,0
680b3b504c3758a87f13ec3d,01000373,,2025-04-25T07:35:44.217Z,2025-04-25T07:35:44.217Z,0
680b3b504c3758a87f13ec46,01000374,,2025-04-25T07:35:44.426Z,2025-04-25T07:35:44.426Z,0
680b3b504c3758a87f13ec4f,01000375,,2025-04-25T07:35:44.596Z,2025-04-25T07:35:44.596Z,0
680b3b504c3758a87f13ec5a,01000376,,2025-04-25T07:35:44.830Z,2025-04-25T07:35:44.830Z,0
680b3b514c3758a87f13ec63,01000377,,2025-04-25T07:35:45.029Z,2025-04-25T07:35:45.029Z,0
680b3b514c3758a87f13ec6c,01000378,,2025-04-25T07:35:45.240Z,2025-04-25T07:35:45.240Z,0
680b3b514c3758a87f13ec75,01000379,,2025-04-25T07:35:45.423Z,2025-04-25T07:35:45.423Z,0
680b3b514c3758a87f13ec7e,01000380,,2025-04-25T07:35:45.608Z,2025-04-25T07:35:45.608Z,0
680b3b514c3758a87f13ec87,01000381,,2025-04-25T07:35:45.798Z,2025-04-25T07:35:45.798Z,0
680b3b524c3758a87f13ec92,01000382,,2025-04-25T07:35:46.014Z,2025-04-25T07:35:46.014Z,0
680b3b524c3758a87f13ec9b,01000383,,2025-04-25T07:35:46.203Z,2025-04-25T07:35:46.203Z,0
680b3b524c3758a87f13eca6,01000384,,2025-04-25T07:35:46.409Z,2025-04-25T07:35:46.409Z,0
680b3b524c3758a87f13ecb1,01000385,,2025-04-25T07:35:46.654Z,2025-04-25T07:35:46.654Z,0
680b3b524c3758a87f13ecba,01000386,,2025-04-25T07:35:46.851Z,2025-04-25T07:35:46.851Z,0
680b3b534c3758a87f13ecc3,01000387,,2025-04-25T07:35:47.110Z,2025-04-25T07:35:47.110Z,0
680b3b534c3758a87f13eccc,01000388,,2025-04-25T07:35:47.503Z,2025-04-25T07:35:47.503Z,0
680b3b534c3758a87f13ecd7,01000389,,2025-04-25T07:35:47.929Z,2025-04-25T07:35:47.929Z,0
680b3b544c3758a87f13ece2,01000390,,2025-04-25T07:35:48.381Z,2025-04-25T07:35:48.381Z,0
680b3b544c3758a87f13eced,01000391,,2025-04-25T07:35:48.617Z,2025-04-25T07:35:48.617Z,0
680b3b544c3758a87f13ecf6,01000392,,2025-04-25T07:35:48.816Z,2025-04-25T07:35:48.816Z,0
680b3b554c3758a87f13ed01,01000393,,2025-04-25T07:35:49.113Z,2025-04-25T07:35:49.113Z,0
680b3b554c3758a87f13ed0a,01000394,,2025-04-25T07:35:49.295Z,2025-04-25T07:35:49.295Z,0
680b3b554c3758a87f13ed13,01000395,,2025-04-25T07:35:49.474Z,2025-04-25T07:35:49.474Z,0
680b3b554c3758a87f13ed1e,01000396,,2025-04-25T07:35:49.690Z,2025-04-25T07:35:49.690Z,0
680b3b554c3758a87f13ed27,01000397,,2025-04-25T07:35:49.879Z,2025-04-25T07:35:49.879Z,0
680b3b564c3758a87f13ed32,01000398,,2025-04-25T07:35:50.088Z,2025-04-25T07:35:50.088Z,0
680b3b564c3758a87f13ed3b,01000399,,2025-04-25T07:35:50.262Z,2025-04-25T07:35:50.262Z,0
680b3b564c3758a87f13ed46,01000400,N1,2025-04-25T07:35:50.761Z,2025-04-25T07:35:50.761Z,0
680b3b564c3758a87f13ed4f,01000401,,2025-04-25T07:35:50.957Z,2025-04-25T07:35:50.957Z,0
680b3b574c3758a87f13ed5a,01000402,,2025-04-25T07:35:51.211Z,2025-04-25T07:35:51.211Z,0
680b3b574c3758a87f13ed63,01000403,,2025-04-25T07:35:51.399Z,2025-04-25T07:35:51.399Z,0
680b3b574c3758a87f13ed6e,01000404,,2025-04-25T07:35:51.604Z,2025-04-25T07:35:51.604Z,0
680b3b574c3758a87f13ed79,01000405,,2025-04-25T07:35:51.825Z,2025-04-25T07:35:51.825Z,0
680b3b584c3758a87f13ed84,01000406,N1,2025-04-25T07:35:52.315Z,2025-04-25T07:35:52.315Z,0
680b3b584c3758a87f13ed8d,01000407,,2025-04-25T07:35:52.771Z,2025-04-25T07:35:52.771Z,0
680b3b584c3758a87f13ed98,01000408,,2025-04-25T07:35:52.998Z,2025-04-25T07:35:52.998Z,0
680b3b594c3758a87f13eda1,01000409,,2025-04-25T07:35:53.190Z,2025-04-25T07:35:53.190Z,0
680b3b594c3758a87f13edaa,01000410,,2025-04-25T07:35:53.696Z,2025-04-25T07:35:53.696Z,0
680b3b594c3758a87f13edb5,01000411,,2025-04-25T07:35:53.977Z,2025-04-25T07:35:53.977Z,0
680b3b5a4c3758a87f13edbe,01000412,,2025-04-25T07:35:54.164Z,2025-04-25T07:35:54.164Z,0
680b3b5a4c3758a87f13edc7,01000413,,2025-04-25T07:35:54.394Z,2025-04-25T07:35:54.394Z,0
680b3b5a4c3758a87f13edd2,01000414,,2025-04-25T07:35:54.600Z,2025-04-25T07:35:54.600Z,0
680b3b5a4c3758a87f13eddd,01000415,N1,2025-04-25T07:35:54.824Z,2025-04-25T07:35:54.824Z,0
680b3b5b4c3758a87f13ede6,01000416,,2025-04-25T07:35:55.004Z,2025-04-25T07:35:55.004Z,0
680b3b5b4c3758a87f13edef,01000417,,2025-04-25T07:35:55.186Z,2025-04-25T07:35:55.186Z,0
680b3b5b4c3758a87f13edfa,01000418,,2025-04-25T07:35:55.390Z,2025-04-25T07:35:55.390Z,0
680b3b5b4c3758a87f13ee05,01000419,,2025-04-25T07:35:55.609Z,2025-04-25T07:35:55.609Z,0
680b3b5b4c3758a87f13ee10,01000420,,2025-04-25T07:35:55.824Z,2025-04-25T07:35:55.824Z,0
680b3b5c4c3758a87f13ee19,01000421,,2025-04-25T07:35:56.029Z,2025-04-25T07:35:56.029Z,0
680b3b5c4c3758a87f13ee24,01000422,,2025-04-25T07:35:56.241Z,2025-04-25T07:35:56.241Z,0
680b3b5c4c3758a87f13ee2d,01000423,,2025-04-25T07:35:56.422Z,2025-04-25T07:35:56.422Z,0
680b3b5c4c3758a87f13ee36,01000424,,2025-04-25T07:35:56.717Z,2025-04-25T07:35:56.717Z,0
680b3b5d4c3758a87f13ee3f,01000425,,2025-04-25T07:35:57.043Z,2025-04-25T07:35:57.043Z,0
680b3b5d4c3758a87f13ee4a,01000426,,2025-04-25T07:35:57.278Z,2025-04-25T07:35:57.278Z,0
680b3b5d4c3758a87f13ee53,01000427,N1,2025-04-25T07:35:57.457Z,2025-04-25T07:35:57.457Z,0
680b3b5d4c3758a87f13ee5c,01000428,,2025-04-25T07:35:57.665Z,2025-04-25T07:35:57.665Z,0
680b3b5d4c3758a87f13ee67,01000429,,2025-04-25T07:35:57.897Z,2025-04-25T07:35:57.897Z,0
680b3b5e4c3758a87f13ee72,01000430,,2025-04-25T07:35:58.112Z,2025-04-25T07:35:58.112Z,0
680b3b5e4c3758a87f13ee7d,01000432,,2025-04-25T07:35:58.425Z,2025-04-25T07:35:58.425Z,0
680b3b5e4c3758a87f13ee88,01000433,,2025-04-25T07:35:58.681Z,2025-04-25T07:35:58.681Z,0
680b3b5e4c3758a87f13ee93,01000434,,2025-04-25T07:35:58.903Z,2025-04-25T07:35:58.903Z,0
680b3b5f4c3758a87f13ee9e,01000435,,2025-04-25T07:35:59.129Z,2025-04-25T07:35:59.129Z,0
680b3b5f4c3758a87f13eea9,01000436,,2025-04-25T07:35:59.349Z,2025-04-25T07:35:59.349Z,0
680b3b5f4c3758a87f13eeb4,01000437,,2025-04-25T07:35:59.577Z,2025-04-25T07:35:59.577Z,0
680b3b5f4c3758a87f13eebf,01000438,N1,2025-04-25T07:35:59.793Z,2025-04-25T07:35:59.793Z,0
680b3b604c3758a87f13eecc,01000439,N1,2025-04-25T07:36:00.045Z,2025-04-25T07:36:00.045Z,0
680b3b604c3758a87f13eed5,01000440,,2025-04-25T07:36:00.255Z,2025-04-25T07:36:00.255Z,0
680b3b604c3758a87f13eee0,01000441,,2025-04-25T07:36:00.462Z,2025-04-25T07:36:00.462Z,0
680b3b604c3758a87f13eeeb,01000442,,2025-04-25T07:36:00.684Z,2025-04-25T07:36:00.684Z,0
680b3b604c3758a87f13eef6,01000443,,2025-04-25T07:36:00.911Z,2025-04-25T07:36:00.911Z,0
680b3b614c3758a87f13ef01,01000444,N1,2025-04-25T07:36:01.212Z,2025-04-25T07:36:01.212Z,0
680b3b614c3758a87f13ef0c,01000445,,2025-04-25T07:36:01.433Z,2025-04-25T07:36:01.433Z,0
680b3b614c3758a87f13ef17,01000446,N1,2025-04-25T07:36:01.664Z,2025-04-25T07:36:01.664Z,0
680b3b614c3758a87f13ef24,01000447,,2025-04-25T07:36:01.971Z,2025-04-25T07:36:01.971Z,0
680b3b624c3758a87f13ef2f,01000448,N1,2025-04-25T07:36:02.212Z,2025-04-25T07:36:02.212Z,0
680b3b624c3758a87f13ef38,01000449,N1,2025-04-25T07:36:02.385Z,2025-04-25T07:36:02.385Z,0
680b3b624c3758a87f13ef47,01000450,,2025-04-25T07:36:02.708Z,2025-04-25T07:36:02.708Z,0
680b3b624c3758a87f13ef52,01000451,,2025-04-25T07:36:02.954Z,2025-04-25T07:36:02.954Z,0
680b3b634c3758a87f13ef5d,01000452,,2025-04-25T07:36:03.177Z,2025-04-25T07:36:03.177Z,0
680b3b634c3758a87f13ef68,01000453,,2025-04-25T07:36:03.667Z,2025-04-25T07:36:03.667Z,0
680b3b634c3758a87f13ef73,01000454,,2025-04-25T07:36:03.889Z,2025-04-25T07:36:03.889Z,0
680b3b644c3758a87f13ef7e,01000455,,2025-04-25T07:36:04.121Z,2025-04-25T07:36:04.121Z,0
680b3b644c3758a87f13ef89,01000456,,2025-04-25T07:36:04.376Z,2025-04-25T07:36:04.376Z,0
680b3b644c3758a87f13ef94,01000457,,2025-04-25T07:36:04.600Z,2025-04-25T07:36:04.600Z,0
680b3b644c3758a87f13ef9f,01000458,,2025-04-25T07:36:04.813Z,2025-04-25T07:36:04.813Z,0
680b3b654c3758a87f13efaa,01000459,,2025-04-25T07:36:05.044Z,2025-04-25T07:36:05.044Z,0
680b3b654c3758a87f13efb5,01000460,,2025-04-25T07:36:05.267Z,2025-04-25T07:36:05.267Z,0
680b3b654c3758a87f13efc0,01000461,,2025-04-25T07:36:05.502Z,2025-04-25T07:36:05.502Z,0
680b3b654c3758a87f13efcb,01000462,,2025-04-25T07:36:05.808Z,2025-04-25T07:36:05.808Z,0
680b3b664c3758a87f13efd6,01000463,,2025-04-25T07:36:06.117Z,2025-04-25T07:36:06.117Z,0
680b3b664c3758a87f13efe1,01000464,,2025-04-25T07:36:06.330Z,2025-04-25T07:36:06.330Z,0
680b3b664c3758a87f13efec,01000465,,2025-04-25T07:36:06.575Z,2025-04-25T07:36:06.575Z,0
680b3b664c3758a87f13eff7,01000466,,2025-04-25T07:36:06.803Z,2025-04-25T07:36:06.803Z,0
680b3b674c3758a87f13f002,01000467,,2025-04-25T07:36:07.059Z,2025-04-25T07:36:07.059Z,0
680b3b674c3758a87f13f00d,01000468,,2025-04-25T07:36:07.388Z,2025-04-25T07:36:07.388Z,0
680b3b674c3758a87f13f018,01000469,N1,2025-04-25T07:36:07.604Z,2025-04-25T07:36:07.604Z,0
680b3b674c3758a87f13f027,01000470,,2025-04-25T07:36:07.904Z,2025-04-25T07:36:07.904Z,0
680b3b684c3758a87f13f032,01000471,,2025-04-25T07:36:08.112Z,2025-04-25T07:36:08.112Z,0
680b3b684c3758a87f13f03d,01000472,,2025-04-25T07:36:08.323Z,2025-04-25T07:36:08.323Z,0
680b3b684c3758a87f13f048,01000473,,2025-04-25T07:36:08.543Z,2025-04-25T07:36:08.543Z,0
680b3b684c3758a87f13f053,01000474,,2025-04-25T07:36:08.774Z,2025-04-25T07:36:08.774Z,0
680b3b694c3758a87f13f05e,01000475,,2025-04-25T07:36:09.046Z,2025-04-25T07:36:09.046Z,0
680b3b694c3758a87f13f069,01000476,N1,2025-04-25T07:36:09.373Z,2025-04-25T07:36:09.373Z,0
680b3b694c3758a87f13f076,01000477,,2025-04-25T07:36:09.876Z,2025-04-25T07:36:09.876Z,0
680b3b6a4c3758a87f13f081,01000478,N4,2025-04-25T07:36:10.138Z,2025-04-25T07:36:10.138Z,0
680b3b6a4c3758a87f13f08a,01000479,,2025-04-25T07:36:10.366Z,2025-04-25T07:36:10.366Z,0
680b3b6a4c3758a87f13f095,01000480,,2025-04-25T07:36:10.619Z,2025-04-25T07:36:10.619Z,0
680b3b6a4c3758a87f13f0a0,01000481,,2025-04-25T07:36:10.881Z,2025-04-25T07:36:10.881Z,0
680b3b6b4c3758a87f13f0ab,01000482,,2025-04-25T07:36:11.129Z,2025-04-25T07:36:11.129Z,0
680b3b6b4c3758a87f13f0b6,01000483,,2025-04-25T07:36:11.343Z,2025-04-25T07:36:11.343Z,0
680b3b6b4c3758a87f13f0c1,01000484,,2025-04-25T07:36:11.555Z,2025-04-25T07:36:11.555Z,0
680b3b6b4c3758a87f13f0cc,01000485,,2025-04-25T07:36:11.776Z,2025-04-25T07:36:11.776Z,0
680b3b6c4c3758a87f13f0d7,01000486,,2025-04-25T07:36:12.006Z,2025-04-25T07:36:12.006Z,0
680b3b6c4c3758a87f13f0e2,01000487,,2025-04-25T07:36:12.269Z,2025-04-25T07:36:12.269Z,0
680b3b6c4c3758a87f13f0ed,01000488,,2025-04-25T07:36:12.489Z,2025-04-25T07:36:12.489Z,0
680b3b6c4c3758a87f13f0f8,01000489,,2025-04-25T07:36:12.694Z,2025-04-25T07:36:12.694Z,0
680b3b6c4c3758a87f13f103,01000490,,2025-04-25T07:36:12.910Z,2025-04-25T07:36:12.910Z,0
680b3b6d4c3758a87f13f10e,01000492,,2025-04-25T07:36:13.135Z,2025-04-25T07:36:13.135Z,0
680b3b6d4c3758a87f13f119,01000493,,2025-04-25T07:36:13.394Z,2025-04-25T07:36:13.394Z,0
680b3b6d4c3758a87f13f124,01000494,N1,2025-04-25T07:36:13.608Z,2025-04-25T07:36:13.608Z,0
680b3b6d4c3758a87f13f131,01000495,,2025-04-25T07:36:13.934Z,2025-04-25T07:36:13.934Z,0
680b3b6e4c3758a87f13f13c,01000496,,2025-04-25T07:36:14.177Z,2025-04-25T07:36:14.177Z,0
680b3b6e4c3758a87f13f147,01000497,,2025-04-25T07:36:14.405Z,2025-04-25T07:36:14.405Z,0
680b3b6e4c3758a87f13f152,01000498,N1,2025-04-25T07:36:14.655Z,2025-04-25T07:36:14.655Z,0
680b3b6e4c3758a87f13f15b,01000499,,2025-04-25T07:36:14.879Z,2025-04-25T07:36:14.879Z,0
680b3b6f4c3758a87f13f166,01000500,,2025-04-25T07:36:15.107Z,2025-04-25T07:36:15.107Z,0
680b3b6f4c3758a87f13f171,01000501,,2025-04-25T07:36:15.316Z,2025-04-25T07:36:15.316Z,0
680b3b6f4c3758a87f13f17c,01000502,N1,2025-04-25T07:36:15.579Z,2025-04-25T07:36:15.579Z,0
680b3b6f4c3758a87f13f185,01000503,,2025-04-25T07:36:15.758Z,2025-04-25T07:36:15.758Z,0
680b3b704c3758a87f13f190,01000504,,2025-04-25T07:36:16.001Z,2025-04-25T07:36:16.001Z,0
680b3b704c3758a87f13f19b,01000505,N1,2025-04-25T07:36:16.232Z,2025-04-25T07:36:16.232Z,0
680b3b704c3758a87f13f1a4,01000506,N1,2025-04-25T07:36:16.408Z,2025-04-25T07:36:16.408Z,0
680b3b704c3758a87f13f1b1,01000507,,2025-04-25T07:36:16.689Z,2025-04-25T07:36:16.689Z,0
680b3b704c3758a87f13f1bc,01000508,,2025-04-25T07:36:16.913Z,2025-04-25T07:36:16.913Z,0
680b3b714c3758a87f13f1c7,01000509,N1,2025-04-25T07:36:17.135Z,2025-04-25T07:36:17.135Z,0
680b3b714c3758a87f13f1d6,01000510,N1,2025-04-25T07:36:17.462Z,2025-04-25T07:36:17.462Z,0
680b3b714c3758a87f13f1e5,01000511,N1,2025-04-25T07:36:17.784Z,2025-04-25T07:36:17.784Z,0
680b3b724c3758a87f13f1f4,01000512,N1,2025-04-25T07:36:18.073Z,2025-04-25T07:36:18.073Z,0
680b3b724c3758a87f13f203,01000513,N1,2025-04-25T07:36:18.361Z,2025-04-25T07:36:18.361Z,0
680b3b724c3758a87f13f212,01000514,N1,2025-04-25T07:36:18.658Z,2025-04-25T07:36:18.658Z,0
680b3b724c3758a87f13f221,01000515,N1,2025-04-25T07:36:18.961Z,2025-04-25T07:36:18.961Z,0
680b3b734c3758a87f13f230,01000516,N1,2025-04-25T07:36:19.267Z,2025-04-25T07:36:19.267Z,0
680b3b734c3758a87f13f23f,01000517,N1,2025-04-25T07:36:19.550Z,2025-04-25T07:36:19.550Z,0
680b3b734c3758a87f13f24e,01000519,N1,2025-04-25T07:36:19.858Z,2025-04-25T07:36:19.858Z,0
680b3b744c3758a87f13f25d,01000520,N1,2025-04-25T07:36:20.139Z,2025-04-25T07:36:20.139Z,0
680b3b744c3758a87f13f26c,01000521,N1,2025-04-25T07:36:20.423Z,2025-04-25T07:36:20.423Z,0
680b3b744c3758a87f13f27b,01000522,N1,2025-04-25T07:36:20.732Z,2025-04-25T07:36:20.732Z,0
680b3b754c3758a87f13f28a,01000523,N1,2025-04-25T07:36:21.010Z,2025-04-25T07:36:21.010Z,0
680b3b754c3758a87f13f299,01000524,N1,2025-04-25T07:36:21.311Z,2025-04-25T07:36:21.311Z,0
680b3b754c3758a87f13f2a8,01000525,N1,2025-04-25T07:36:21.594Z,2025-04-25T07:36:21.594Z,0
680b3b754c3758a87f13f2b7,01000526,N1,2025-04-25T07:36:21.887Z,2025-04-25T07:36:21.887Z,0
680b3b764c3758a87f13f2c6,01000527,N1,2025-04-25T07:36:22.208Z,2025-04-25T07:36:22.208Z,0
680b3b764c3758a87f13f2d5,01000528,N1,2025-04-25T07:36:22.550Z,2025-04-25T07:36:22.550Z,0
680b3b764c3758a87f13f2e4,01000529,N1,2025-04-25T07:36:22.863Z,2025-04-25T07:36:22.863Z,0
680b3b774c3758a87f13f2f3,01000530,N1,2025-04-25T07:36:23.156Z,2025-04-25T07:36:23.156Z,0
680b3b774c3758a87f13f302,01000531,N1,2025-04-25T07:36:23.468Z,2025-04-25T07:36:23.468Z,0
680b3b774c3758a87f13f311,01000532,N1,2025-04-25T07:36:23.772Z,2025-04-25T07:36:23.772Z,0
680b3b784c3758a87f13f320,01000533,N1,2025-04-25T07:36:24.108Z,2025-04-25T07:36:24.108Z,0
680b3b784c3758a87f13f32f,01000534,N1,2025-04-25T07:36:24.388Z,2025-04-25T07:36:24.388Z,0
680b3b784c3758a87f13f33e,01000535,N1,2025-04-25T07:36:24.664Z,2025-04-25T07:36:24.664Z,0
680b3b784c3758a87f13f34d,01000536,N1,2025-04-25T07:36:24.959Z,2025-04-25T07:36:24.959Z,0
680b3b794c3758a87f13f35c,01000537,,2025-04-25T07:36:25.244Z,2025-04-25T07:36:25.244Z,0
680b3b794c3758a87f13f365,01000538,,2025-04-25T07:36:25.419Z,2025-04-25T07:36:25.419Z,0
680b3b794c3758a87f13f36e,01000539,,2025-04-25T07:36:25.593Z,2025-04-25T07:36:25.593Z,0
680b3b794c3758a87f13f379,01000540,,2025-04-25T07:36:25.812Z,2025-04-25T07:36:25.812Z,0
680b3b794c3758a87f13f382,01000541,,2025-04-25T07:36:25.984Z,2025-04-25T07:36:25.984Z,0
680b3b7a4c3758a87f13f38b,01000542,,2025-04-25T07:36:26.167Z,2025-04-25T07:36:26.167Z,0
680b3b7a4c3758a87f13f394,01000543,,2025-04-25T07:36:26.364Z,2025-04-25T07:36:26.364Z,0
680b3b7a4c3758a87f13f39f,01000544,N4,2025-04-25T07:36:26.605Z,2025-04-25T07:36:26.605Z,0
680b3b7a4c3758a87f13f3ae,01000545,N1,2025-04-25T07:36:26.911Z,2025-04-25T07:36:26.911Z,0
680b3b7b4c3758a87f13f3bd,01000546,,2025-04-25T07:36:27.190Z,2025-04-25T07:36:27.190Z,0
680b3b7b4c3758a87f13f3ca,01000547,,2025-04-25T07:36:27.442Z,2025-04-25T07:36:27.442Z,0
680b3b7b4c3758a87f13f3d7,01000548,N6,2025-04-25T07:36:27.716Z,2025-04-25T07:36:27.716Z,0
680b3b7c4c3758a87f13f3e6,01000549,N1,2025-04-25T07:36:28.003Z,2025-04-25T07:36:28.003Z,0
680b3b7c4c3758a87f13f3f5,01000550,N1,2025-04-25T07:36:28.288Z,2025-04-25T07:36:28.288Z,0
680b3b7c4c3758a87f13f404,01000551,N1,2025-04-25T07:36:28.587Z,2025-04-25T07:36:28.587Z,0
680b3b7c4c3758a87f13f413,01000552,N1,2025-04-25T07:36:28.908Z,2025-04-25T07:36:28.908Z,0
680b3b7d4c3758a87f13f422,01000553,N1,2025-04-25T07:36:29.251Z,2025-04-25T07:36:29.251Z,0
680b3b7d4c3758a87f13f431,01000554,N1,2025-04-25T07:36:29.563Z,2025-04-25T07:36:29.563Z,0
680b3b7d4c3758a87f13f440,01000555,N1,2025-04-25T07:36:29.853Z,2025-04-25T07:36:29.853Z,0
680b3b7e4c3758a87f13f44f,01000556,N1,2025-04-25T07:36:30.146Z,2025-04-25T07:36:30.146Z,0
680b3b7e4c3758a87f13f45e,01000557,N1,2025-04-25T07:36:30.425Z,2025-04-25T07:36:30.425Z,0
680b3b7e4c3758a87f13f46d,01000558,N1,2025-04-25T07:36:30.732Z,2025-04-25T07:36:30.732Z,0
680b3b7f4c3758a87f13f47c,01000559,N1,2025-04-25T07:36:31.060Z,2025-04-25T07:36:31.060Z,0
680b3b7f4c3758a87f13f48b,01000560,N1,2025-04-25T07:36:31.347Z,2025-04-25T07:36:31.347Z,0
680b3b7f4c3758a87f13f49a,01000561,N1,2025-04-25T07:36:31.629Z,2025-04-25T07:36:31.629Z,0
680b3b7f4c3758a87f13f4a9,01000562,,2025-04-25T07:36:31.916Z,2025-04-25T07:36:31.916Z,0
680b3b804c3758a87f13f4b6,01000563,N1,2025-04-25T07:36:32.166Z,2025-04-25T07:36:32.166Z,0
680b3b804c3758a87f13f4c5,01000564,N1,2025-04-25T07:36:32.473Z,2025-04-25T07:36:32.473Z,0
680b3b804c3758a87f13f4d4,01000565,N1,2025-04-25T07:36:32.759Z,2025-04-25T07:36:32.759Z,0
680b3b814c3758a87f13f4e3,01000566,N1,2025-04-25T07:36:33.041Z,2025-04-25T07:36:33.041Z,0
680b3b814c3758a87f13f4f2,01000567,N1,2025-04-25T07:36:33.324Z,2025-04-25T07:36:33.324Z,0
680b3b814c3758a87f13f501,01000568,N1,2025-04-25T07:36:33.606Z,2025-04-25T07:36:33.606Z,0
680b3b814c3758a87f13f510,01000569,N1,2025-04-25T07:36:33.884Z,2025-04-25T07:36:33.884Z,0
680b3b824c3758a87f13f51f,01000570,N1,2025-04-25T07:36:34.160Z,2025-04-25T07:36:34.160Z,0
680b3b824c3758a87f13f52e,01000571,N1,2025-04-25T07:36:34.442Z,2025-04-25T07:36:34.442Z,0
680b3b824c3758a87f13f53d,01000572,,2025-04-25T07:36:34.755Z,2025-04-25T07:36:34.755Z,0
680b3b824c3758a87f13f548,01000573,N1,2025-04-25T07:36:34.992Z,2025-04-25T07:36:34.992Z,0
680b3b834c3758a87f13f557,01000574,N1,2025-04-25T07:36:35.284Z,2025-04-25T07:36:35.284Z,0
680b3b834c3758a87f13f566,01000575,N1,2025-04-25T07:36:35.561Z,2025-04-25T07:36:35.561Z,0
680b3b834c3758a87f13f575,01000576,N1,2025-04-25T07:36:35.842Z,2025-04-25T07:36:35.842Z,0
680b3b844c3758a87f13f584,01000577,N1,2025-04-25T07:36:36.218Z,2025-04-25T07:36:36.218Z,0
680b3b844c3758a87f13f593,01000578,N1,2025-04-25T07:36:36.532Z,2025-04-25T07:36:36.532Z,0
680b3b844c3758a87f13f5a2,01000579,N1,2025-04-25T07:36:36.847Z,2025-04-25T07:36:36.847Z,0
680b3b854c3758a87f13f5b1,01000580,N1,2025-04-25T07:36:37.170Z,2025-04-25T07:36:37.170Z,0
680b3b854c3758a87f13f5c0,01000581,N1,2025-04-25T07:36:37.458Z,2025-04-25T07:36:37.458Z,0
680b3b854c3758a87f13f5cf,01000582,N1,2025-04-25T07:36:37.745Z,2025-04-25T07:36:37.745Z,0
680b3b864c3758a87f13f5de,01000583,N6,2025-04-25T07:36:38.059Z,2025-04-25T07:36:38.059Z,0
680b3b864c3758a87f13f5ed,01000584,,2025-04-25T07:36:38.344Z,2025-04-25T07:36:38.344Z,0
680b3b864c3758a87f13f5fa,01000585,N1,2025-04-25T07:36:38.596Z,2025-04-25T07:36:38.596Z,0
680b3b864c3758a87f13f609,01000586,N1,2025-04-25T07:36:38.884Z,2025-04-25T07:36:38.884Z,0
680b3b874c3758a87f13f618,01000587,N1,2025-04-25T07:36:39.171Z,2025-04-25T07:36:39.171Z,0
680b3b874c3758a87f13f627,01000588,N1,2025-04-25T07:36:39.447Z,2025-04-25T07:36:39.447Z,0
680b3b874c3758a87f13f636,01000589,N1,2025-04-25T07:36:39.754Z,2025-04-25T07:36:39.754Z,0
680b3b884c3758a87f13f645,01000590,N1,2025-04-25T07:36:40.042Z,2025-04-25T07:36:40.042Z,0
680b3b884c3758a87f13f654,01000591,N1,2025-04-25T07:36:40.324Z,2025-04-25T07:36:40.324Z,0
680b3b884c3758a87f13f663,01000592,N1,2025-04-25T07:36:40.615Z,2025-04-25T07:36:40.615Z,0
680b3b884c3758a87f13f672,01000593,N1,2025-04-25T07:36:40.947Z,2025-04-25T07:36:40.947Z,0
680b3b894c3758a87f13f681,01000594,N1,2025-04-25T07:36:41.267Z,2025-04-25T07:36:41.267Z,0
680b3b894c3758a87f13f690,01000595,N1,2025-04-25T07:36:41.587Z,2025-04-25T07:36:41.587Z,0
680b3b894c3758a87f13f69f,01000596,N1,2025-04-25T07:36:41.894Z,2025-04-25T07:36:41.894Z,0
680b3b8a4c3758a87f13f6ae,01000597,N1,2025-04-25T07:36:42.195Z,2025-04-25T07:36:42.195Z,0
680b3b8a4c3758a87f13f6bd,01000598,N1,2025-04-25T07:36:42.476Z,2025-04-25T07:36:42.476Z,0
680b3b8a4c3758a87f13f6cc,01000599,N1,2025-04-25T07:36:42.791Z,2025-04-25T07:36:42.791Z,0
680b3b8b4c3758a87f13f6db,01000600,N1,2025-04-25T07:36:43.108Z,2025-04-25T07:36:43.108Z,0
680b3b8b4c3758a87f13f6ea,01000601,N1,2025-04-25T07:36:43.423Z,2025-04-25T07:36:43.423Z,0
680b3b8b4c3758a87f13f6f9,01000602,,2025-04-25T07:36:43.756Z,2025-04-25T07:36:43.756Z,0
680b3b8c4c3758a87f13f706,01000603,N1,2025-04-25T07:36:44.012Z,2025-04-25T07:36:44.012Z,0
680b3b8c4c3758a87f13f715,01000604,,2025-04-25T07:36:44.313Z,2025-04-25T07:36:44.313Z,0
680b3b8c4c3758a87f13f71e,01000605,N1,2025-04-25T07:36:44.490Z,2025-04-25T07:36:44.490Z,0
680b3b8c4c3758a87f13f72d,01000606,N1,2025-04-25T07:36:44.803Z,2025-04-25T07:36:44.803Z,0
680b3b8d4c3758a87f13f73c,01000607,N1,2025-04-25T07:36:45.105Z,2025-04-25T07:36:45.105Z,0
680b3b8d4c3758a87f13f74b,01000608,N1,2025-04-25T07:36:45.396Z,2025-04-25T07:36:45.396Z,0
680b3b8d4c3758a87f13f75a,01000609,N1,2025-04-25T07:36:45.692Z,2025-04-25T07:36:45.692Z,0
680b3b8d4c3758a87f13f769,01000610,N1,2025-04-25T07:36:45.981Z,2025-04-25T07:36:45.981Z,0
680b3b8e4c3758a87f13f778,01000611,N1,2025-04-25T07:36:46.276Z,2025-04-25T07:36:46.276Z,0
680b3b8e4c3758a87f13f787,01000612,N1,2025-04-25T07:36:46.569Z,2025-04-25T07:36:46.569Z,0
680b3b8e4c3758a87f13f796,01000613,N1,2025-04-25T07:36:46.864Z,2025-04-25T07:36:46.864Z,0
680b3b8f4c3758a87f13f7a5,01000614,N1,2025-04-25T07:36:47.223Z,2025-04-25T07:36:47.223Z,0
680b3b8f4c3758a87f13f7b4,01000615,N1,2025-04-25T07:36:47.506Z,2025-04-25T07:36:47.506Z,0
680b3b8f4c3758a87f13f7c3,01000616,N1,2025-04-25T07:36:47.793Z,2025-04-25T07:36:47.793Z,0
680b3b904c3758a87f13f7d2,01000617,N1,2025-04-25T07:36:48.151Z,2025-04-25T07:36:48.151Z,0
680b3b904c3758a87f13f7e1,01000618,N1,2025-04-25T07:36:48.469Z,2025-04-25T07:36:48.469Z,0
680b3b914c3758a87f13f7f0,01000619,N1,2025-04-25T07:36:49.044Z,2025-04-25T07:36:49.044Z,0
680b3b914c3758a87f13f7ff,01000620,N1,2025-04-25T07:36:49.327Z,2025-04-25T07:36:49.327Z,0
680b3b914c3758a87f13f80e,01000621,N1,2025-04-25T07:36:49.653Z,2025-04-25T07:36:49.653Z,0
680b3b914c3758a87f13f81d,01000622,N1,2025-04-25T07:36:49.977Z,2025-04-25T07:36:49.977Z,0
680b3b924c3758a87f13f82c,01000623,N1,2025-04-25T07:36:50.353Z,2025-04-25T07:36:50.353Z,0
680b3b924c3758a87f13f83b,01000624,,2025-04-25T07:36:50.648Z,2025-04-25T07:36:50.648Z,0
680b3b924c3758a87f13f846,01000625,N1,2025-04-25T07:36:50.873Z,2025-04-25T07:36:50.873Z,0
680b3b934c3758a87f13f855,01000626,N1,2025-04-25T07:36:51.171Z,2025-04-25T07:36:51.171Z,0
680b3b934c3758a87f13f864,01000627,N1,2025-04-25T07:36:51.467Z,2025-04-25T07:36:51.467Z,0
680b3b934c3758a87f13f873,01000628,N1,2025-04-25T07:36:51.749Z,2025-04-25T07:36:51.749Z,0
680b3b944c3758a87f13f882,01000629,N1,2025-04-25T07:36:52.044Z,2025-04-25T07:36:52.044Z,0
680b3b944c3758a87f13f891,01000630,N1,2025-04-25T07:36:52.430Z,2025-04-25T07:36:52.430Z,0
680b3b954c3758a87f13f8a0,01000631,N1,2025-04-25T07:36:53.223Z,2025-04-25T07:36:53.223Z,0
680b3b954c3758a87f13f8af,01000632,N1,2025-04-25T07:36:53.646Z,2025-04-25T07:36:53.646Z,0
680b3b954c3758a87f13f8be,01000633,N1,2025-04-25T07:36:53.949Z,2025-04-25T07:36:53.949Z,0
680b3b964c3758a87f13f8cd,01000634,N1,2025-04-25T07:36:54.232Z,2025-04-25T07:36:54.232Z,0
680b3b964c3758a87f13f8dc,01000635,N1,2025-04-25T07:36:54.534Z,2025-04-25T07:36:54.534Z,0
680b3b964c3758a87f13f8eb,01000636,,2025-04-25T07:36:54.831Z,2025-04-25T07:36:54.831Z,0
680b3b974c3758a87f13f8f8,01000637,N1,2025-04-25T07:36:55.092Z,2025-04-25T07:36:55.092Z,0
680b3b974c3758a87f13f907,01000638,N1,2025-04-25T07:36:55.387Z,2025-04-25T07:36:55.387Z,0
680b3b974c3758a87f13f916,01000639,N1,2025-04-25T07:36:55.678Z,2025-04-25T07:36:55.678Z,0
680b3b984c3758a87f13f925,01000640,N1,2025-04-25T07:36:56.049Z,2025-04-25T07:36:56.049Z,0
680b3b984c3758a87f13f934,01000641,N1,2025-04-25T07:36:56.339Z,2025-04-25T07:36:56.339Z,0
680b3b984c3758a87f13f943,01000642,N1,2025-04-25T07:36:56.623Z,2025-04-25T07:36:56.623Z,0
680b3b984c3758a87f13f952,01000643,N1,2025-04-25T07:36:56.927Z,2025-04-25T07:36:56.927Z,0
680b3b994c3758a87f13f961,01000644,N4,2025-04-25T07:36:57.260Z,2025-04-25T07:36:57.260Z,0
680b3b994c3758a87f13f970,01000645,,2025-04-25T07:36:57.628Z,2025-04-25T07:36:57.628Z,0
680b3b994c3758a87f13f97d,01000646,N4,2025-04-25T07:36:57.896Z,2025-04-25T07:36:57.896Z,0
680b3b9a4c3758a87f13f98c,01000647,,2025-04-25T07:36:58.215Z,2025-04-25T07:36:58.215Z,0
680b3b9a4c3758a87f13f999,01000648,N1,2025-04-25T07:36:58.516Z,2025-04-25T07:36:58.516Z,0
680b3b9a4c3758a87f13f9a8,01000649,N1,2025-04-25T07:36:58.801Z,2025-04-25T07:36:58.801Z,0
680b3b9b4c3758a87f13f9b7,01000650,N1,2025-04-25T07:36:59.117Z,2025-04-25T07:36:59.117Z,0
680b3b9b4c3758a87f13f9c6,01000651,N1,2025-04-25T07:36:59.460Z,2025-04-25T07:36:59.460Z,0
680b3b9b4c3758a87f13f9d5,01000652,N1,2025-04-25T07:36:59.755Z,2025-04-25T07:36:59.755Z,0
680b3b9c4c3758a87f13f9e4,01000653,N1,2025-04-25T07:37:00.053Z,2025-04-25T07:37:00.053Z,0
680b3b9c4c3758a87f13f9f3,01000654,N1,2025-04-25T07:37:00.337Z,2025-04-25T07:37:00.337Z,0
680b3b9c4c3758a87f13fa02,01000655,N1,2025-04-25T07:37:00.636Z,2025-04-25T07:37:00.636Z,0
680b3b9c4c3758a87f13fa11,01000656,N1,2025-04-25T07:37:00.953Z,2025-04-25T07:37:00.953Z,0
680b3b9d4c3758a87f13fa20,01000657,N1,2025-04-25T07:37:01.255Z,2025-04-25T07:37:01.255Z,0
680b3b9d4c3758a87f13fa2f,01000659,N1,2025-04-25T07:37:01.540Z,2025-04-25T07:37:01.540Z,0
680b3b9d4c3758a87f13fa3e,01000660,N1,2025-04-25T07:37:01.828Z,2025-04-25T07:37:01.828Z,0
680b3b9e4c3758a87f13fa4d,01000661,N1,2025-04-25T07:37:02.157Z,2025-04-25T07:37:02.157Z,0
680b3b9e4c3758a87f13fa5c,01000662,N1,2025-04-25T07:37:02.446Z,2025-04-25T07:37:02.446Z,0
680b3b9e4c3758a87f13fa6b,01000663,N1,2025-04-25T07:37:02.732Z,2025-04-25T07:37:02.732Z,0
680b3b9f4c3758a87f13fa7a,01000664,N1,2025-04-25T07:37:03.036Z,2025-04-25T07:37:03.036Z,0
680b3b9f4c3758a87f13fa89,01000665,N1,2025-04-25T07:37:03.317Z,2025-04-25T07:37:03.317Z,0
680b3b9f4c3758a87f13fa98,01000666,N1,2025-04-25T07:37:03.700Z,2025-04-25T07:37:03.700Z,0
680b3ba04c3758a87f13faa7,01000667,N1,2025-04-25T07:37:04.063Z,2025-04-25T07:37:04.063Z,0
680b3ba04c3758a87f13fab6,01000668,N1,2025-04-25T07:37:04.401Z,2025-04-25T07:37:04.401Z,0
680b3ba04c3758a87f13fac5,01000669,N1,2025-04-25T07:37:04.742Z,2025-04-25T07:37:04.742Z,0
680b3ba14c3758a87f13fad4,01000670,N1,2025-04-25T07:37:05.039Z,2025-04-25T07:37:05.039Z,0
680b3ba14c3758a87f13fae3,01000671,N1,2025-04-25T07:37:05.329Z,2025-04-25T07:37:05.329Z,0
680b3ba14c3758a87f13faf2,01000672,N1,2025-04-25T07:37:05.629Z,2025-04-25T07:37:05.629Z,0
680b3ba14c3758a87f13fb01,01000673,N1,2025-04-25T07:37:05.933Z,2025-04-25T07:37:05.933Z,0
680b3ba24c3758a87f13fb10,01000674,N1,2025-04-25T07:37:06.217Z,2025-04-25T07:37:06.217Z,0
680b3ba24c3758a87f13fb1f,01000675,N1,2025-04-25T07:37:06.504Z,2025-04-25T07:37:06.504Z,0
680b3ba24c3758a87f13fb2e,01000676,N1,2025-04-25T07:37:06.790Z,2025-04-25T07:37:06.790Z,0
680b3ba34c3758a87f13fb3d,01000677,N1,2025-04-25T07:37:07.098Z,2025-04-25T07:37:07.098Z,0
680b3ba34c3758a87f13fb4c,01000678,N1,2025-04-25T07:37:07.403Z,2025-04-25T07:37:07.403Z,0
680b3ba34c3758a87f13fb5b,01000679,N1,2025-04-25T07:37:07.704Z,2025-04-25T07:37:07.704Z,0
680b3ba44c3758a87f13fb6a,01000680,N1,2025-04-25T07:37:08.070Z,2025-04-25T07:37:08.070Z,0
680b3ba44c3758a87f13fb79,01000681,N1,2025-04-25T07:37:08.423Z,2025-04-25T07:37:08.423Z,0
680b3ba44c3758a87f13fb88,01000682,N1,2025-04-25T07:37:08.810Z,2025-04-25T07:37:08.810Z,0
680b3ba54c3758a87f13fb97,01000683,N1,2025-04-25T07:37:09.184Z,2025-04-25T07:37:09.184Z,0
680b3ba54c3758a87f13fba6,01000684,N1,2025-04-25T07:37:09.494Z,2025-04-25T07:37:09.494Z,0
680b3ba54c3758a87f13fbb5,01000685,N1,2025-04-25T07:37:09.837Z,2025-04-25T07:37:09.837Z,0
680b3ba64c3758a87f13fbc4,01000686,N1,2025-04-25T07:37:10.131Z,2025-04-25T07:37:10.131Z,0
680b3ba64c3758a87f13fbd3,01000687,N1,2025-04-25T07:37:10.460Z,2025-04-25T07:37:10.460Z,0
680b3ba64c3758a87f13fbe2,01000688,N1,2025-04-25T07:37:10.761Z,2025-04-25T07:37:10.761Z,0
680b3ba74c3758a87f13fbf1,01000689,N1,2025-04-25T07:37:11.044Z,2025-04-25T07:37:11.044Z,0
680b3ba74c3758a87f13fc00,01000690,N1,2025-04-25T07:37:11.322Z,2025-04-25T07:37:11.322Z,0
680b3ba74c3758a87f13fc0f,01000691,,2025-04-25T07:37:11.608Z,2025-04-25T07:37:11.608Z,0
680b3ba74c3758a87f13fc1c,01000692,N1,2025-04-25T07:37:11.854Z,2025-04-25T07:37:11.854Z,0
680b3ba84c3758a87f13fc2b,01000693,N1,2025-04-25T07:37:12.150Z,2025-04-25T07:37:12.150Z,0
680b3ba84c3758a87f13fc3a,01000694,N1,2025-04-25T07:37:12.432Z,2025-04-25T07:37:12.432Z,0
680b3ba84c3758a87f13fc49,01000695,N1,2025-04-25T07:37:12.719Z,2025-04-25T07:37:12.719Z,0
680b3ba94c3758a87f13fc58,01000697,N1,2025-04-25T07:37:13.006Z,2025-04-25T07:37:13.006Z,0
680b3ba94c3758a87f13fc67,01000698,N1,2025-04-25T07:37:13.380Z,2025-04-25T07:37:13.380Z,0
680b3ba94c3758a87f13fc76,01000699,N1,2025-04-25T07:37:13.707Z,2025-04-25T07:37:13.707Z,0
680b3ba94c3758a87f13fc85,01000700,N1,2025-04-25T07:37:13.998Z,2025-04-25T07:37:13.998Z,0
680b3baa4c3758a87f13fc94,01000701,N1,2025-04-25T07:37:14.339Z,2025-04-25T07:37:14.339Z,0
680b3baa4c3758a87f13fca3,01000702,,2025-04-25T07:37:14.665Z,2025-04-25T07:37:14.665Z,0
680b3baa4c3758a87f13fcb0,01000703,N1,2025-04-25T07:37:14.944Z,2025-04-25T07:37:14.944Z,0
680b3bab4c3758a87f13fcbf,01000704,N1,2025-04-25T07:37:15.234Z,2025-04-25T07:37:15.234Z,0
680b3bab4c3758a87f13fcce,01000705,N1,2025-04-25T07:37:15.530Z,2025-04-25T07:37:15.530Z,0
680b3bab4c3758a87f13fcdd,01000706,N1,2025-04-25T07:37:15.871Z,2025-04-25T07:37:15.871Z,0
680b3bac4c3758a87f13fcec,01000707,N1,2025-04-25T07:37:16.152Z,2025-04-25T07:37:16.152Z,0
680b3bac4c3758a87f13fcfb,01000708,N1,2025-04-25T07:37:16.452Z,2025-04-25T07:37:16.452Z,0
680b3bac4c3758a87f13fd0a,01000709,N1,2025-04-25T07:37:16.783Z,2025-04-25T07:37:16.783Z,0
680b3bad4c3758a87f13fd19,01000710,N1,2025-04-25T07:37:17.067Z,2025-04-25T07:37:17.067Z,0
680b3bad4c3758a87f13fd28,01000711,N1,2025-04-25T07:37:17.375Z,2025-04-25T07:37:17.375Z,0
680b3bad4c3758a87f13fd37,01000712,,2025-04-25T07:37:17.653Z,2025-04-25T07:37:17.653Z,0
680b3bad4c3758a87f13fd44,01000713,N1,2025-04-25T07:37:17.998Z,2025-04-25T07:37:17.998Z,0
680b3bae4c3758a87f13fd53,01000714,N1,2025-04-25T07:37:18.284Z,2025-04-25T07:37:18.284Z,0
680b3bae4c3758a87f13fd62,01000715,N1,2025-04-25T07:37:18.569Z,2025-04-25T07:37:18.569Z,0
680b3bae4c3758a87f13fd71,01000716,N1,2025-04-25T07:37:18.862Z,2025-04-25T07:37:18.862Z,0
680b3baf4c3758a87f13fd80,01000717,N1,2025-04-25T07:37:19.148Z,2025-04-25T07:37:19.148Z,0
680b3baf4c3758a87f13fd8f,01000718,N1,2025-04-25T07:37:19.433Z,2025-04-25T07:37:19.433Z,0
680b3baf4c3758a87f13fd9e,01000719,N1,2025-04-25T07:37:19.727Z,2025-04-25T07:37:19.727Z,0
680b3bb04c3758a87f13fdad,01000720,,2025-04-25T07:37:20.063Z,2025-04-25T07:37:20.063Z,0
680b3bb04c3758a87f13fdba,01000721,N6,2025-04-25T07:37:20.388Z,2025-04-25T07:37:20.388Z,0
680b3bb04c3758a87f13fdc9,01000722,,2025-04-25T07:37:20.775Z,2025-04-25T07:37:20.775Z,0
680b3bb14c3758a87f13fdd6,01000723,N1,2025-04-25T07:37:21.037Z,2025-04-25T07:37:21.037Z,0
680b3bb14c3758a87f13fde5,01000724,N1,2025-04-25T07:37:21.384Z,2025-04-25T07:37:21.384Z,0
680b3bb14c3758a87f13fdf4,01000725,N1,2025-04-25T07:37:21.699Z,2025-04-25T07:37:21.699Z,0
